strategy,public_label,trajectory_hash,ranking_eligible,period,total_kwh,peak_15min_kw,billed_demand_kw,energy_charge_usd,demand_charge_usd,total_usd,tariff_mode
ALWAYS_GRID_114,ALWAYS_GRID_114,b30166b5d4ed8c564a4031b04d85d071005d284a7e6a23a594d1fa53f086a447,True,2025-12,97849.9962,219.9675,219.9675,9662.48,2639.61,12302.09,ILLUSTRATIVE_TOU_PLUS_DEMAND
ALWAYS_GRID_114,ALWAYS_GRID_114,b30166b5d4ed8c564a4031b04d85d071005d284a7e6a23a594d1fa53f086a447,True,2026-01,105044.4436,250.1658,250.1658,10376.58,3001.99,13378.57,ILLUSTRATIVE_TOU_PLUS_DEMAND
ALWAYS_GRID_114,ALWAYS_GRID_114,b30166b5d4ed8c564a4031b04d85d071005d284a7e6a23a594d1fa53f086a447,True,two_month,202894.4397,250.1658,470.1332,20039.05,5641.6,25680.65,ILLUSTRATIVE_TOU_PLUS_DEMAND
ALWAYS_GRID_42,ALWAYS_GRID_42,10626863fdd676dd76a2d6ffe088d6c7608eec1527cf6e0b8363de993ee283ba,True,2025-12,87597.4797,242.7361,242.7361,8536.89,2912.83,11449.73,ILLUSTRATIVE_TOU_PLUS_DEMAND
ALWAYS_GRID_42,ALWAYS_GRID_42,10626863fdd676dd76a2d6ffe088d6c7608eec1527cf6e0b8363de993ee283ba,True,2026-01,95404.8539,265.9219,265.9219,9288.81,3191.06,12479.87,ILLUSTRATIVE_TOU_PLUS_DEMAND
ALWAYS_GRID_42,ALWAYS_GRID_42,10626863fdd676dd76a2d6ffe088d6c7608eec1527cf6e0b8363de993ee283ba,True,two_month,183002.3336,265.9219,508.658,17825.7,6103.9,23929.6,ILLUSTRATIVE_TOU_PLUS_DEMAND
ALWAYS_GRID_43,ALWAYS_GRID_43,8b49926ad2106845612bdcfd9be2f58ec33234fe364e3d97850cd19039452ab9,True,2025-12,87988.5579,242.7046,242.7046,8539.15,2912.46,11451.6,ILLUSTRATIVE_TOU_PLUS_DEMAND
ALWAYS_GRID_43,ALWAYS_GRID_43,8b49926ad2106845612bdcfd9be2f58ec33234fe364e3d97850cd19039452ab9,True,2026-01,95895.7727,265.4566,265.4566,9293.56,3185.48,12479.04,ILLUSTRATIVE_TOU_PLUS_DEMAND
ALWAYS_GRID_43,ALWAYS_GRID_43,8b49926ad2106845612bdcfd9be2f58ec33234fe364e3d97850cd19039452ab9,True,two_month,183884.3305,265.4566,508.1612,17832.71,6097.93,23930.65,ILLUSTRATIVE_TOU_PLUS_DEMAND
ALWAYS_CONTINUOUS_68_74,ALWAYS_CONTINUOUS_68_74,c9f71bc7337a7e0da7605ff9ccf039af6c1a699da76a4777f9c39bff3ae53db9,True,2025-12,101021.806,213.925,213.925,10035.76,2567.1,12602.86,ILLUSTRATIVE_TOU_PLUS_DEMAND
ALWAYS_CONTINUOUS_68_74,ALWAYS_CONTINUOUS_68_74,c9f71bc7337a7e0da7605ff9ccf039af6c1a699da76a4777f9c39bff3ae53db9,True,2026-01,107911.7317,248.1617,248.1617,10732.41,2977.94,13710.35,ILLUSTRATIVE_TOU_PLUS_DEMAND
ALWAYS_CONTINUOUS_68_74,ALWAYS_CONTINUOUS_68_74,c9f71bc7337a7e0da7605ff9ccf039af6c1a699da76a4777f9c39bff3ae53db9,True,two_month,208933.5377,248.1617,462.0867,20768.18,5545.04,26313.22,ILLUSTRATIVE_TOU_PLUS_DEMAND
COLD_TRIGGER_10F,COLD_TRIGGER_10F,c1a536c1fc3371552c8e3eff0564f53d5580523de38c25882c5025dc456c8ffe,True,2025-12,99325.1134,214.4171,214.4171,9843.56,2573.0,12416.56,ILLUSTRATIVE_TOU_PLUS_DEMAND
COLD_TRIGGER_10F,COLD_TRIGGER_10F,c1a536c1fc3371552c8e3eff0564f53d5580523de38c25882c5025dc456c8ffe,True,2026-01,106763.0965,248.3742,248.3742,10582.25,2980.49,13562.74,ILLUSTRATIVE_TOU_PLUS_DEMAND
COLD_TRIGGER_10F,COLD_TRIGGER_10F,c1a536c1fc3371552c8e3eff0564f53d5580523de38c25882c5025dc456c8ffe,True,two_month,206088.2099,248.3742,462.7913,20425.81,5553.5,25979.3,ILLUSTRATIVE_TOU_PLUS_DEMAND
COLD_TRIGGER_20F,COLD_TRIGGER_20F,c794f5be1386414412819aeccbcf80653c9ccfa5e8abf7b268eaeedc129549bb,True,2025-12,100126.4462,213.925,213.925,9938.0,2567.1,12505.1,ILLUSTRATIVE_TOU_PLUS_DEMAND
COLD_TRIGGER_20F,COLD_TRIGGER_20F,c794f5be1386414412819aeccbcf80653c9ccfa5e8abf7b268eaeedc129549bb,True,2026-01,107477.302,248.1617,248.1617,10665.79,2977.94,13643.73,ILLUSTRATIVE_TOU_PLUS_DEMAND
COLD_TRIGGER_20F,COLD_TRIGGER_20F,c794f5be1386414412819aeccbcf80653c9ccfa5e8abf7b268eaeedc129549bb,True,two_month,207603.7482,248.1617,462.0867,20603.79,5545.04,26148.83,ILLUSTRATIVE_TOU_PLUS_DEMAND
COLD_TRIGGER_30F,COLD_TRIGGER_30F,11c87d5afb06693c3398c53c3151bcbfdc31ef49ed15ff9afcf7693f6cd521cc,True,2025-12,100633.878,213.925,213.925,9996.34,2567.1,12563.44,ILLUSTRATIVE_TOU_PLUS_DEMAND
COLD_TRIGGER_30F,COLD_TRIGGER_30F,11c87d5afb06693c3398c53c3151bcbfdc31ef49ed15ff9afcf7693f6cd521cc,True,2026-01,107658.2134,248.1617,248.1617,10694.14,2977.94,13672.08,ILLUSTRATIVE_TOU_PLUS_DEMAND
COLD_TRIGGER_30F,COLD_TRIGGER_30F,11c87d5afb06693c3398c53c3151bcbfdc31ef49ed15ff9afcf7693f6cd521cc,True,two_month,208292.0915,248.1617,462.0867,20690.48,5545.04,26235.52,ILLUSTRATIVE_TOU_PLUS_DEMAND
COLD_TRIGGER_20F_4H,COLD_TRIGGER_20F_4H,1635c139ad146718ea6bb1e1de1426fdfd14f970ffc3f19913395bdbf2bd9a15,True,2025-12,99803.2427,213.925,213.925,9901.56,2567.1,12468.66,ILLUSTRATIVE_TOU_PLUS_DEMAND
COLD_TRIGGER_20F_4H,COLD_TRIGGER_20F_4H,1635c139ad146718ea6bb1e1de1426fdfd14f970ffc3f19913395bdbf2bd9a15,True,2026-01,107157.0169,248.1617,248.1617,10629.54,2977.94,13607.48,ILLUSTRATIVE_TOU_PLUS_DEMAND
COLD_TRIGGER_20F_4H,COLD_TRIGGER_20F_4H,1635c139ad146718ea6bb1e1de1426fdfd14f970ffc3f19913395bdbf2bd9a15,True,two_month,206960.2595,248.1617,462.0867,20531.1,5545.04,26076.15,ILLUSTRATIVE_TOU_PLUS_DEMAND
COLD_TRIGGER_20F_8H,COLD_TRIGGER_20F_8H,f3ae7f9e8f8568539cdd9c491ed3ad2d369a92671f3e435de414a98bfc275c42,True,2025-12,99329.6411,214.5141,214.5141,9847.67,2574.17,12421.84,ILLUSTRATIVE_TOU_PLUS_DEMAND
COLD_TRIGGER_20F_8H,COLD_TRIGGER_20F_8H,f3ae7f9e8f8568539cdd9c491ed3ad2d369a92671f3e435de414a98bfc275c42,True,2026-01,107226.7282,248.1617,248.1617,10635.91,2977.94,13613.85,ILLUSTRATIVE_TOU_PLUS_DEMAND
COLD_TRIGGER_20F_8H,COLD_TRIGGER_20F_8H,f3ae7f9e8f8568539cdd9c491ed3ad2d369a92671f3e435de414a98bfc275c42,True,two_month,206556.3692,248.1617,462.6758,20483.58,5552.11,26035.69,ILLUSTRATIVE_TOU_PLUS_DEMAND
a04_native_sch_htgsp,A04_NATIVE_CALIBRATION_REFERENCE,2fd021c7cd1ca724eab77bd1c41758dc74ce2260c9d6ff3c04b3e69c10ca7c0a,True,2025-12,75171.7662,283.4759,283.4759,6708.21,3401.71,10109.92,ILLUSTRATIVE_TOU_PLUS_DEMAND
a04_native_sch_htgsp,A04_NATIVE_CALIBRATION_REFERENCE,2fd021c7cd1ca724eab77bd1c41758dc74ce2260c9d6ff3c04b3e69c10ca7c0a,True,2026-01,79942.9253,287.882,287.882,7252.98,3454.58,10707.57,ILLUSTRATIVE_TOU_PLUS_DEMAND
a04_native_sch_htgsp,A04_NATIVE_CALIBRATION_REFERENCE,2fd021c7cd1ca724eab77bd1c41758dc74ce2260c9d6ff3c04b3e69c10ca7c0a,True,two_month,155114.6915,287.882,571.358,13961.19,6856.3,20817.48,ILLUSTRATIVE_TOU_PLUS_DEMAND
observed_bas_incumbent_v2,OBSERVED_BAS_INCUMBENT_V2_HISTORICAL,1543ecfbb379b32db73e4c6f96fcde1d67a0ec38d30a9a7d8922da29173f7494,True,2025-12,94128.531,227.9709,227.9709,9289.98,2735.65,12025.64,ILLUSTRATIVE_TOU_PLUS_DEMAND
observed_bas_incumbent_v2,OBSERVED_BAS_INCUMBENT_V2_HISTORICAL,1543ecfbb379b32db73e4c6f96fcde1d67a0ec38d30a9a7d8922da29173f7494,True,2026-01,101501.9886,257.2284,257.2284,10023.95,3086.74,13110.69,ILLUSTRATIVE_TOU_PLUS_DEMAND
observed_bas_incumbent_v2,OBSERVED_BAS_INCUMBENT_V2_HISTORICAL,1543ecfbb379b32db73e4c6f96fcde1d67a0ec38d30a9a7d8922da29173f7494,True,two_month,195630.5196,257.2284,485.1994,19313.93,5822.39,25136.32,ILLUSTRATIVE_TOU_PLUS_DEMAND
continuous_68_heat_sensitivity,CONTINUOUS_DUALSP_68_74_SENSITIVITY_UNVERIFIED,c9f71bc7337a7e0da7605ff9ccf039af6c1a699da76a4777f9c39bff3ae53db9,True,2025-12,101021.806,213.925,213.925,10035.76,2567.1,12602.86,ILLUSTRATIVE_TOU_PLUS_DEMAND
continuous_68_heat_sensitivity,CONTINUOUS_DUALSP_68_74_SENSITIVITY_UNVERIFIED,c9f71bc7337a7e0da7605ff9ccf039af6c1a699da76a4777f9c39bff3ae53db9,True,2026-01,107911.7317,248.1617,248.1617,10732.41,2977.94,13710.35,ILLUSTRATIVE_TOU_PLUS_DEMAND
continuous_68_heat_sensitivity,CONTINUOUS_DUALSP_68_74_SENSITIVITY_UNVERIFIED,c9f71bc7337a7e0da7605ff9ccf039af6c1a699da76a4777f9c39bff3ae53db9,True,two_month,208933.5377,248.1617,462.0867,20768.18,5545.04,26313.22,ILLUSTRATIVE_TOU_PLUS_DEMAND
frozen_ppo_flat_seed0,POLICY_CANDIDATE_FROZEN_PPO_FLAT,57e90464ebd45c400de292aa167945777dffce86360595a7a889a411b3671fde,True,2025-12,88522.3476,253.2298,253.2298,8605.86,3038.76,11644.62,ILLUSTRATIVE_TOU_PLUS_DEMAND
frozen_ppo_flat_seed0,POLICY_CANDIDATE_FROZEN_PPO_FLAT,57e90464ebd45c400de292aa167945777dffce86360595a7a889a411b3671fde,True,2026-01,96352.9019,272.9578,272.9578,9361.41,3275.49,12636.91,ILLUSTRATIVE_TOU_PLUS_DEMAND
frozen_ppo_flat_seed0,POLICY_CANDIDATE_FROZEN_PPO_FLAT,57e90464ebd45c400de292aa167945777dffce86360595a7a889a411b3671fde,True,two_month,184875.2496,272.9578,526.1876,17967.28,6314.25,24281.53,ILLUSTRATIVE_TOU_PLUS_DEMAND
frozen_dqn_tou_seed1,POLICY_CANDIDATE_FROZEN_DQN_TOU,8e0fd4b6b0d2c82439b70f81bdeeee4f4afa4e73b05fa25f73970ff156a350b5,True,2025-12,92165.9199,230.7848,230.7848,9034.12,2769.42,11803.54,ILLUSTRATIVE_TOU_PLUS_DEMAND
frozen_dqn_tou_seed1,POLICY_CANDIDATE_FROZEN_DQN_TOU,8e0fd4b6b0d2c82439b70f81bdeeee4f4afa4e73b05fa25f73970ff156a350b5,True,2026-01,99415.857,261.1953,261.1953,9702.77,3134.34,12837.12,ILLUSTRATIVE_TOU_PLUS_DEMAND
frozen_dqn_tou_seed1,POLICY_CANDIDATE_FROZEN_DQN_TOU,8e0fd4b6b0d2c82439b70f81bdeeee4f4afa4e73b05fa25f73970ff156a350b5,True,two_month,191581.7769,261.1953,491.9801,18736.89,5903.76,24640.66,ILLUSTRATIVE_TOU_PLUS_DEMAND
grid_flat_discrete_42,POLICY_CANDIDATE_GRID_FLAT_DISCRETE_42,10626863fdd676dd76a2d6ffe088d6c7608eec1527cf6e0b8363de993ee283ba,True,2025-12,87597.4797,242.7361,242.7361,8536.89,2912.83,11449.73,ILLUSTRATIVE_TOU_PLUS_DEMAND
grid_flat_discrete_42,POLICY_CANDIDATE_GRID_FLAT_DISCRETE_42,10626863fdd676dd76a2d6ffe088d6c7608eec1527cf6e0b8363de993ee283ba,True,2026-01,95404.8539,265.9219,265.9219,9288.81,3191.06,12479.87,ILLUSTRATIVE_TOU_PLUS_DEMAND
grid_flat_discrete_42,POLICY_CANDIDATE_GRID_FLAT_DISCRETE_42,10626863fdd676dd76a2d6ffe088d6c7608eec1527cf6e0b8363de993ee283ba,True,two_month,183002.3336,265.9219,508.658,17825.7,6103.9,23929.6,ILLUSTRATIVE_TOU_PLUS_DEMAND
grid_tou_discrete_43,POLICY_CANDIDATE_GRID_TOU_DISCRETE_43,8b49926ad2106845612bdcfd9be2f58ec33234fe364e3d97850cd19039452ab9,True,2025-12,87988.5579,242.7046,242.7046,8539.15,2912.46,11451.6,ILLUSTRATIVE_TOU_PLUS_DEMAND
grid_tou_discrete_43,POLICY_CANDIDATE_GRID_TOU_DISCRETE_43,8b49926ad2106845612bdcfd9be2f58ec33234fe364e3d97850cd19039452ab9,True,2026-01,95895.7727,265.4566,265.4566,9293.56,3185.48,12479.04,ILLUSTRATIVE_TOU_PLUS_DEMAND
grid_tou_discrete_43,POLICY_CANDIDATE_GRID_TOU_DISCRETE_43,8b49926ad2106845612bdcfd9be2f58ec33234fe364e3d97850cd19039452ab9,True,two_month,183884.3305,265.4566,508.1612,17832.71,6097.93,23930.65,ILLUSTRATIVE_TOU_PLUS_DEMAND
