date,n_intervals,oat_min_f,oat_max_f,facility_peak_kw,max_abs_dT_f,p99_9_abs_dT_f,n_morning_recovery,n_evening_setback,mean_zone_cross_std_f,gate_or_smoke_date,weekend,fold
2025-08-02,95,50.53333333333333,76.34166666666667,36.0,0.44444444444442865,0.3607763888888843,0,0,2.195273268616401,False,True,train_dev
2025-08-03,96,52.79999999999999,77.325,30.0,0.23000000000000398,0.22860606060606575,0,0,2.3147262445979155,False,True,train_dev
2025-08-04,96,55.708333333333336,79.00833333333333,98.0,0.5933333333333195,0.5281666666666498,1,1,2.0778742069593683,False,False,train_dev
2025-08-05,96,57.25,81.19166666666666,64.0,1.8933333333333309,1.4145151515151055,1,1,1.5676912798321343,False,False,train_dev
2025-08-06,96,57.60833333333333,81.89166666666667,139.99999666666668,1.2666666666666657,1.2609166666666622,1,1,1.3042504534576345,False,False,train_dev
2025-08-07,96,65.23333333333333,86.75833333333333,112.0,1.7466666666666555,1.5549999999999846,1,1,1.3797608382148274,False,False,train_dev
2025-08-08,96,71.4,87.63333333333333,120.0,2.2266666666666453,1.5749999999999478,1,1,1.4611045586333595,False,False,train_dev
2025-08-09,96,71.66666666666666,87.10000000000001,28.0,0.19999999999998863,0.18849999999999,0,0,1.5871141715817003,False,True,train_dev
2025-08-10,96,67.53333333333333,77.14999999999999,32.0,0.38333333333333997,0.33349999999999896,0,0,1.6514342628609615,False,True,train_dev
2025-08-11,96,69.48333333333333,81.24166666666666,134.0,1.460000000000008,1.4427499999999978,1,1,1.2278602831445786,False,False,train_dev
2025-08-12,96,68.78333333333335,80.47500000000001,106.0,0.8799999999999955,0.6768333333333095,1,1,1.0481447708461078,False,False,train_dev
2025-08-13,96,63.708333333333336,79.40833333333333,120.0,1.0900000000000034,0.9389318181818082,1,1,1.1334114346889692,False,False,train_dev
2025-08-14,96,59.26666666666666,79.68333333333334,118.0,0.9666666666666686,0.9609166666666733,1,1,1.3968021295738051,False,False,train_dev
2025-08-15,96,64.75,84.77499999999999,130.0,1.4366666666666674,1.4190681818181727,1,1,1.2767111759037724,False,False,train_dev
2025-08-16,96,69.05,82.63333333333334,36.0,0.16363636363635692,0.16154545454545774,0,0,1.1231726862061682,False,True,train_dev
2025-08-17,96,67.2,77.3,34.0,0.18974358974358552,0.16910256410255628,0,0,1.2766008084304692,False,True,train_dev
2025-08-18,96,66.7,76.78333333333333,120.0,0.739393939393949,0.6899090909090926,1,1,1.0508219259863558,False,False,train_dev
2025-08-19,96,66.675,78.89166666666667,138.0,1.4000000000000057,1.1086666666666447,1,1,0.5962154360702152,False,False,train_dev
2025-08-20,96,63.333333333333336,75.64166666666667,135.99999666666668,1.3900000000000006,1.2772651515151394,1,1,0.519954518024877,False,False,train_dev
2025-08-21,96,60.26666666666666,75.4,128.0,0.8787878787878753,0.8641515151515157,1,1,0.5249909794971553,False,False,train_dev
2025-08-22,96,58.51666666666667,79.80000000000001,138.0,0.5,0.4942499999999966,1,1,0.512840005523238,False,False,train_dev
2025-08-23,96,58.166666666666664,73.83333333333333,46.0,0.39230769230768203,0.33156410256409874,0,0,1.0172655919579536,False,True,train_dev
2025-08-24,96,55.00833333333333,68.675,42.0,0.37000000000000455,0.33564743589743756,0,0,1.1145733865677288,False,True,train_dev
2025-08-25,96,51.15,67.39166666666667,108.0,0.7399999999999949,0.701318181818168,1,1,0.8198084740217063,False,False,train_dev
2025-08-26,96,50.29999999999999,71.26666666666667,112.0,1.1466666666666754,1.056583333333327,1,1,0.6889838093813047,False,False,train_dev
2025-08-27,96,48.833333333333336,73.35000000000001,94.0,0.6700000000000159,0.612325757575756,1,1,0.6547905583690364,False,False,train_dev
2025-08-28,96,57.5,74.35000000000001,124.0,0.5400000000000063,0.47866666666666663,1,1,0.7625168588135885,False,False,train_dev
2025-08-29,96,50.29999999999999,66.55,86.0,0.6454545454545411,0.5161130536130366,1,1,0.7220755439207904,False,False,train_dev
2025-08-30,96,56.23333333333333,72.3,24.0,0.20000000000000284,0.1930303030303035,0,0,0.8143043834249443,False,True,train_dev
2025-08-31,96,49.51666666666667,74.55,28.0,0.3515151515151729,0.3257272727272828,0,0,1.023927388235195,False,True,train_dev
2025-09-01,96,49.65,76.06666666666666,70.0,0.45666666666666345,0.4345378787878694,1,1,1.0117068877884452,False,False,train_dev
2025-09-02,96,50.541666666666664,77.5,136.0,0.5900000000000034,0.4999166666666632,1,1,0.8490318117095127,False,False,train_dev
2025-09-03,96,51.23333333333333,67.10000000000001,112.0,0.3333333333333286,0.3259615384615342,1,1,0.7353654949318941,False,False,train_dev
2025-09-04,96,43.11666666666667,63.59166666666667,98.0,0.24848484848484986,0.24360606060606604,1,1,0.6848970104218027,False,False,train_dev
2025-09-05,96,49.225,59.85833333333333,96.0,0.3499999999999943,0.34564393939393734,1,1,0.70022197504287,False,False,train_dev
2025-09-06,96,43.916666666666664,63.15,20.0,0.16060606060605664,0.15537878787878825,0,0,0.7998395378274624,False,True,train_dev
2025-09-07,96,43.86666666666667,63.64166666666667,20.0,0.318181818181813,0.29553030303029215,0,0,0.8672362574833752,False,True,train_dev
2025-09-08,96,40.2,71.28333333333333,94.0,0.37666666666667936,0.34791666666667054,1,1,0.7959422008555977,False,False,train_dev
2025-09-09,96,51.416666666666664,75.63333333333334,102.0,0.3300000000000125,0.32320454545455546,1,1,0.8582946925161985,False,False,train_dev
2025-09-10,96,54.199999999999996,74.85000000000001,114.0,0.4000000000000057,0.36314102564102546,1,1,0.775588947421039,False,False,train_dev
2025-09-11,96,56.225,78.14999999999999,115.99999666666668,0.5133333333333212,0.46541666666666165,1,1,0.8593339117835382,False,False,train_dev
2025-09-12,96,53.94166666666666,81.79166666666667,119.99999666666668,0.4757575757575694,0.43794696969696206,1,1,0.9032588617338136,False,False,train_dev
2025-09-13,96,62.48333333333333,80.4,64.0,0.24848484848484986,0.21537878787879222,0,0,1.2355865694272143,False,True,train_dev
2025-09-14,96,62.69166666666666,82.64166666666667,22.0,0.1666666666666714,0.16666666666666324,0,0,1.543048717926786,False,True,train_dev
2025-09-15,96,58.85,84.09166666666665,136.0,0.7966666666666669,0.7358560606060541,1,1,1.0582270610337157,False,False,train_dev
2025-09-16,96,57.324999999999996,85.48333333333333,131.99999666666668,0.8666666666666742,0.7673484848484851,1,1,0.9242299695878818,False,False,train_dev
2025-09-17,96,58.9,85.49166666666667,138.0,0.49393939393939945,0.4590909090909109,1,1,0.9142020985518364,False,False,train_dev
2025-09-18,96,59.208333333333336,85.40000000000002,129.99999666666668,0.5030303030303003,0.4699242424242345,1,1,0.9255537489012079,False,False,train_dev
2025-09-19,96,64.83333333333333,81.84166666666667,140.0,0.5060606060606005,0.49107575757575633,1,1,0.8722393275758886,False,False,train_dev
2025-09-20,96,63.80833333333333,76.26666666666667,80.0,0.15897435897436196,0.1574999999999998,0,0,0.9961210137772533,False,True,train_dev
2025-09-21,96,60.6,77.56666666666666,24.0,0.142424242424255,0.13022727272727908,0,0,1.110035668559002,False,True,train_dev
2025-09-22,96,56.458333333333336,78.71666666666667,128.0,0.46666666666666856,0.4628333333333384,1,1,0.9254271228034566,False,False,train_dev
2025-09-23,96,60.275000000000006,72.86666666666667,128.0,0.44333333333332803,0.3870530303030309,1,1,0.8309274891202567,False,False,train_dev
2025-09-24,96,56.333333333333336,64.55,106.0,0.36666666666667425,0.34924242424242996,1,1,0.8798225396787248,False,False,train_dev
2025-09-25,96,50.958333333333336,74.35000000000001,102.0,0.38000000000000966,0.3723333333333412,1,1,0.9097870926336765,False,False,train_dev
2025-09-26,96,54.15,81.46666666666665,122.0,0.46000000000000796,0.42549999999999577,1,1,0.9596995083821644,False,False,train_dev
2025-09-27,96,57.74166666666667,85.11666666666667,60.0,0.2030303030302889,0.17515151515150784,0,0,1.2010843825832123,False,True,train_dev
2025-09-28,96,51.25,80.38333333333334,20.0,0.3090909090909122,0.2585606060606021,0,0,1.3805169171081062,False,True,train_dev
2025-09-29,96,52.98333333333333,86.19166666666666,126.0,0.6633333333333269,0.583356060606047,1,1,1.1117286886598565,False,False,train_dev
2025-09-30,96,55.55833333333334,82.64999999999999,136.0,0.5200000000000102,0.5085000000000034,1,1,1.0293312355136406,False,False,train_dev
2025-10-01,96,55.333333333333336,78.16666666666667,127.99999333333334,0.4899999999999949,0.4708333333333278,1,1,0.9432377555695215,False,False,train_dev
2025-10-02,96,53.449999999999996,83.25,128.0,0.40303030303029175,0.3936212121212005,1,1,0.8780912305092822,False,False,train_dev
2025-10-03,96,57.93333333333333,87.47500000000001,140.0,0.4133333333333269,0.39869696969697543,1,1,0.9298310308889338,False,False,train_dev
2025-10-04,96,61.56666666666666,86.39166666666667,74.0,0.16363636363635692,0.15318181818182014,0,0,1.2185533040738459,False,True,train_dev
2025-10-05,96,62.96666666666667,81.72500000000001,24.0,0.1545454545454561,0.1528030303030333,0,0,1.4015016299370162,False,True,train_dev
2025-10-06,96,56.13333333333333,70.69166666666666,120.0,0.5454545454545325,0.5250681818181695,1,1,1.0350257991732603,False,False,train_dev
2025-10-07,96,52.300000000000004,68.28333333333333,110.0,0.2666666666666657,0.26492424242424295,1,1,0.9297498633813741,False,False,train_dev
2025-10-08,96,42.09166666666667,62.0,104.0,0.3717948717948616,0.3535128205128167,1,1,0.958047244265155,False,False,train_dev
2025-10-09,96,35.516666666666666,65.18333333333334,96.0,0.31515151515151274,0.29110606060605365,1,1,0.9256537902679224,False,False,train_dev
2025-10-10,96,48.98333333333333,72.85833333333333,88.0,0.3399999999999892,0.33268181818181347,1,1,0.8980651253469204,False,False,train_dev
2025-10-11,96,39.73333333333333,67.0,54.0,0.25151515151515014,0.234090909090914,0,0,0.9469079307829714,False,True,train_dev
2025-10-12,96,47.36666666666667,66.78333333333333,22.0,0.2600000000000051,0.2220151515151473,0,0,0.9320610177442384,False,True,train_dev
2025-10-13,96,54.4,67.23333333333333,100.0,0.3133333333333326,0.2909230769230753,1,1,0.8458835878206136,False,False,train_dev
2025-10-14,96,47.30833333333333,64.49166666666666,94.0,0.23846153846155005,0.237429487179499,1,1,0.8589881057381871,False,False,train_dev
2025-10-15,96,49.40833333333333,56.34166666666667,104.0,0.27692307692309726,0.26070512820513814,1,1,0.8407824858430292,False,False,train_dev
2025-10-16,96,51.94166666666666,64.36666666666667,94.0,0.30999999999998806,0.2983525641025524,1,1,0.773206187846123,False,False,train_dev
2025-10-17,96,56.1,77.64166666666667,92.0,0.230303030303034,0.22821212121213483,1,1,0.832274902364155,False,False,train_dev
2025-10-18,96,55.333333333333336,75.28333333333333,42.0,0.18666666666666742,0.17325000000000373,0,0,0.9202873633282179,False,True,train_dev
2025-10-19,96,43.03333333333333,57.9,22.0,0.16969696969695747,0.16795454545454283,0,0,0.9107330643709032,False,True,train_dev
2025-10-20,96,35.93333333333333,65.78333333333333,96.0,0.30256410256410504,0.2836655011654986,1,1,0.8058237867224259,False,False,train_dev
2025-10-21,96,42.84166666666666,50.041666666666664,92.0,0.32564102564101916,0.3167948717948626,1,1,0.7016409638562923,False,False,train_dev
2025-10-22,96,42.6,47.25,92.0,0.539999999999992,0.49399999999999755,1,1,0.6155894715873177,False,False,train_dev
2025-10-23,96,36.166666666666664,49.458333333333336,106.0,0.549999999999983,0.548083333333326,1,1,0.6117762275458292,False,False,train_dev
2025-10-24,96,30.041666666666668,52.458333333333336,130.0,0.6466666666666612,0.5919545454545364,1,1,0.6554072950637387,False,False,train_dev
2025-10-25,96,31.825,47.949999999999996,80.0,0.17179487179487296,0.15734615384615822,0,0,0.8461553200685975,False,True,train_dev
2025-10-26,96,38.43333333333333,59.416666666666664,24.0,0.19666666666667254,0.1679166666666719,0,0,0.909374364218776,False,True,train_dev
2025-10-27,96,35.458333333333336,56.574999999999996,137.99999666666668,0.9233333333333462,0.8083333333333274,1,1,0.683251642908493,False,False,train_dev
2025-10-28,96,34.9,55.6,120.0,0.6866666666666674,0.6214999999999895,1,1,0.625892899419806,False,False,train_dev
2025-10-29,96,41.1,54.0,108.0,0.5666666666666629,0.5474999999999958,1,1,0.695855413942057,False,False,train_dev
2025-10-30,96,37.416666666666664,52.025,132.0,0.7000000000000028,0.5984166666666558,1,1,0.6813124992586852,False,False,train_dev
2025-10-31,96,37.71666666666667,47.875,130.0,0.6133333333333155,0.5807499999999929,1,1,0.630548425769926,False,False,train_dev
2025-11-01,96,33.96666666666667,45.24166666666667,82.0,0.17179487179487296,0.16117948717948835,0,0,0.8048830268322694,False,True,train_dev
2025-11-02,96,29.45,49.76666666666666,30.0,0.24333333333332519,0.20829666666666932,0,0,1.0630474300647472,False,True,train_dev
2025-11-03,96,40.85,59.31666666666666,170.0,0.8900000000000006,0.8861666666666704,1,1,0.7257721594599055,False,False,train_dev
2025-11-04,96,33.03333333333333,59.583333333333336,133.99999666666668,0.6733333333333462,0.6119999999999984,1,1,0.6677199009937658,False,False,train_dev
2025-11-05,96,37.86666666666667,56.949999999999996,106.0,0.6666666666666572,0.64366666666666,1,1,0.7694739672710788,False,False,train_dev
2025-11-06,96,28.316666666666666,54.791666666666664,141.99999666666668,0.6700000000000017,0.6623333333333332,1,1,0.6413566808928987,False,False,train_dev
2025-11-07,96,44.03333333333333,60.175000000000004,112.0,0.6866666666666674,0.6751666666666688,1,1,0.7223036391353043,False,False,train_dev
2025-11-08,96,32.266666666666666,43.708333333333336,86.0,0.18333333333333712,0.1545833333333365,0,0,0.8462497212880283,False,True,train_dev
2025-11-09,96,24.433333333333334,32.291666666666664,32.0,0.30333333333334167,0.24008333333333698,0,0,1.003695997219219,False,True,train_dev
2025-11-10,96,24.116666666666664,33.475,196.0,0.9566666666666492,0.8205833333333227,1,1,0.7203515573096677,False,False,train_dev
2025-11-11,96,24.541666666666668,42.300000000000004,164.0,0.6966666666666583,0.6528782051281948,1,1,0.7100582151282188,False,False,train_dev
2025-11-12,96,38.074999999999996,53.775,140.0,0.7233333333333434,0.6773333333333326,1,1,0.7811985333725753,False,False,train_dev
2025-11-13,96,31.23333333333333,53.275,154.0,0.7299999999999898,0.6493525641025543,1,1,0.7460419148727118,False,False,train_dev
2025-11-14,96,33.61666666666667,67.03333333333333,124.0,0.6299999999999955,0.6012499999999948,1,1,0.8536678171034694,False,False,train_dev
2025-11-15,96,44.333333333333336,66.48333333333333,56.0,0.6000000000000085,0.5041666666666649,0,0,0.9937606779177428,False,True,train_dev
2025-11-16,96,33.36666666666667,46.98333333333333,28.0,0.5000000000000142,0.4674166666666671,0,0,1.094329511497482,False,True,train_dev
2025-11-17,96,27.125,43.36666666666667,188.0,1.1133333333333297,1.0596666666666668,1,1,0.7954964650298818,False,False,train_dev
2025-11-18,96,34.65833333333333,39.59166666666667,158.0,0.6066666666666691,0.5894166666666589,1,1,0.7727087247094885,False,False,train_dev
2025-11-19,96,30.833333333333332,41.891666666666666,182.0,0.7199999999999989,0.6433333333333223,1,1,0.7299966370203896,False,False,train_dev
2025-11-20,96,40.475,46.85,166.0,0.5600000000000023,0.5504166666666606,1,1,0.7128691934649755,False,False,train_dev
2025-11-21,96,30.3,43.96666666666667,138.0,0.6199999999999903,0.5835833333333293,1,1,0.7516913515681871,False,False,train_dev
2025-11-22,96,23.766666666666666,44.98333333333333,108.0,0.21666666666666856,0.207083333333335,0,0,1.1106822253435735,False,True,train_dev
2025-11-23,96,31.833333333333332,55.49166666666667,50.0,0.6600000000000108,0.6274166666666636,0,0,1.1064603857678386,False,True,train_dev
2025-11-24,96,31.65833333333333,48.258333333333326,208.0,1.1833333333333087,1.1756666666666566,1,1,0.6824714731680963,False,False,train_dev
2025-11-25,96,37.666666666666664,50.050000000000004,150.0,0.7233333333333434,0.6734999999999942,1,1,0.6440208891536542,False,False,train_dev
2025-11-26,96,28.108333333333334,36.94166666666667,146.0,0.6766666666666765,0.6613333333333314,1,1,0.6780460901384716,False,False,train_dev
2025-11-27,96,24.099999999999998,30.09166666666667,58.0,0.2700000000000031,0.24508333333333673,1,1,1.1327126081172174,False,False,train_dev
2025-11-28,96,21.5,29.600000000000005,66.0,0.3100000000000023,0.27549999999999825,1,1,1.037363677770117,False,False,train_dev
2025-11-29,96,23.683333333333334,28.766666666666666,82.0,0.2466666666666697,0.23324999999999782,0,0,1.0080345030534656,False,True,train_dev
2025-11-30,96,15.533333333333331,32.28333333333333,78.0,0.4897435897435898,0.4783910256410282,0,0,0.9741575557052391,False,True,train_dev
2025-12-01,96,3.65,25.566666666666663,237.99999333333335,2.0066666666666606,1.7850303030302808,1,1,0.6387125043694115,False,False,train_dev
2025-12-02,96,16.5,24.46666666666667,240.0,1.490000000000009,1.2561666666666493,1,1,0.7878596937713594,False,False,train_dev
2025-12-03,96,13.5,30.866666666666664,192.0,0.5866666666666731,0.5847499999999999,1,1,0.8491791433905567,False,False,train_dev
2025-12-04,96,3.358333333333333,15.049999999999999,233.99998666666667,1.586666666666666,1.4566818181818069,1,1,0.9139509988705091,False,False,train_dev
2025-12-05,96,9.700000000000001,29.099999999999998,216.0,1.433333333333323,1.1055833333333092,1,1,0.8858796421474521,False,False,train_dev
2025-12-06,96,20.275000000000002,29.400000000000002,62.0,0.4066666666666805,0.35683333333333134,0,0,1.053263841390404,False,True,train_dev
2025-12-07,96,-2.475,23.183333333333334,80.0,0.6400000000000006,0.5844166666666644,0,0,0.9285074912582324,False,True,train_dev
2025-12-08,96,-1.7,21.583333333333332,238.0,2.0133333333333354,1.8983333333333248,1,1,0.8228447004711352,False,False,train_dev
2025-12-09,96,20.71666666666667,34.46666666666667,206.0,0.9466666666666725,0.9064166666666651,1,1,0.8572417819769728,False,False,train_dev
2025-12-10,96,22.78333333333333,35.0,192.0,0.6599999999999966,0.6274166666666658,1,1,0.8484361746560136,False,False,train_dev
2025-12-11,96,16.25,23.975000000000005,192.0,0.9533333333333331,0.7022499999999795,1,1,0.8112667583830232,False,False,train_dev
2025-12-12,96,3.483333333333333,25.175,206.0,1.249999999999993,1.0142499999999803,1,1,0.8464045165488039,False,False,train_dev
2025-12-13,96,-0.7333333333333334,11.441666666666665,80.0,0.21515151515151842,0.21166666666666467,0,0,1.0818758535461492,False,True,train_dev
2025-12-14,96,-4.783333333333333,7.433333333333334,152.0,1.0333333333333314,0.8780833333333214,0,0,0.8962814178233831,False,True,train_dev
2025-12-15,96,4.858333333333333,21.683333333333334,237.99999333333335,1.4166666666666714,1.3687499999999997,1,1,0.6736847257264893,False,False,train_dev
2025-12-16,96,3.6666666666666665,36.4,222.0,1.2636363636363512,1.2366287878787774,1,1,0.8282933104791033,False,False,train_dev
2025-12-17,96,30.616666666666664,38.40833333333333,178.0,0.7366666666666646,0.692583333333327,1,1,0.9132597111870817,False,False,train_dev
2025-12-18,96,12.733333333333334,43.425000000000004,174.0,0.6600000000000108,0.6594102564102545,1,1,0.8742081113874308,False,False,train_dev
2025-12-19,96,6.016666666666667,21.3,216.0,1.2966666666666598,0.9593333333333083,1,1,0.9050456319800159,False,False,train_dev
2025-12-20,96,19.3,40.541666666666664,66.0,0.44666666666667254,0.39108333333333223,0,0,1.1636410669638728,False,True,train_dev
2025-12-21,96,9.35,29.400000000000002,80.0,0.6499999999999986,0.536916666666657,0,0,0.979879896649694,False,True,train_dev
2025-12-22,96,29.7,38.64166666666667,146.0,0.6733333333333249,0.6694999999999907,1,1,1.448362201360692,False,False,train_dev
2025-12-23,96,29.208333333333332,45.06666666666666,136.0,0.5866666666666802,0.5847499999999947,1,1,1.4623394260577196,False,False,train_dev
2025-12-24,96,27.583333333333332,40.291666666666664,72.0,0.23333333333332718,0.22566666666666688,1,1,1.1026323066413375,False,False,train_dev
2025-12-25,96,31.625,37.73333333333333,82.0,0.36333333333332263,0.2789999999999817,1,1,1.0159218532170076,False,False,train_dev
2025-12-26,96,33.46666666666667,39.050000000000004,132.0,0.7099999999999937,0.6908333333333266,1,1,1.5684087330649839,False,False,train_dev
2025-12-27,96,34.108333333333334,40.4,76.0,0.2666666666666657,0.24750000000000272,0,0,1.020692947972725,False,True,train_dev
2025-12-28,96,17.966666666666665,38.98333333333333,72.0,0.2633333333333425,0.24416666666667133,0,0,0.9497258719071278,False,True,train_dev
2025-12-29,96,10.616666666666667,18.9,178.0,0.8500000000000014,0.6966666666666524,1,1,1.5604039818516149,False,False,train_dev
2025-12-30,96,8.033333333333333,25.483333333333334,201.99999333333335,1.5233333333333334,1.1227499999999733,1,1,1.6093572798254379,False,False,train_dev
2025-12-31,96,11.0,36.14166666666666,102.0,0.33636363636362887,0.32887121212121084,1,1,0.6301267215278888,False,False,train_dev
2026-01-01,96,6.866666666666667,14.700000000000001,114.0,0.38666666666666316,0.3664545454545383,1,1,0.48358185692877126,False,False,train_dev
2026-01-02,96,9.883333333333335,19.841666666666665,202.0,1.1666666666666714,1.0689166666666627,1,1,1.6021246900037074,False,False,train_dev
2026-01-03,96,14.933333333333332,23.46666666666667,96.0,0.3433333333333337,0.3184166666666673,0,0,0.4938421824901029,False,True,train_dev
2026-01-04,96,10.049999999999999,30.166666666666668,108.0,0.3333333333333357,0.3333333333333357,0,0,0.4650644474469972,False,True,train_dev
2026-01-05,96,28.058333333333334,38.666666666666664,270.0,0.9923076923076906,0.9813974358974319,1,1,0.6288223750756478,False,False,train_dev
2026-01-06,96,31.849999999999998,39.01666666666667,224.0,0.8633333333333439,0.8250000000000016,1,1,0.8091343948076991,False,False,train_dev
2026-01-07,96,31.40833333333333,39.375,190.0,0.9333333333333371,0.8509166666666653,1,1,0.8623084348093562,False,False,train_dev
2026-01-08,96,34.199999999999996,55.833333333333336,180.0,0.8400000000000034,0.7633333333333269,1,1,0.7733358091511802,False,False,train_dev
2026-01-09,96,31.016666666666666,56.03333333333333,178.0,0.673333333333332,0.6349999999999978,1,1,0.8488574886362695,False,False,train_dev
2026-01-10,96,17.833333333333332,34.6,58.0,0.6200000000000045,0.49349999999999516,0,0,1.2047869708622476,False,True,train_dev
2026-01-11,96,17.808333333333334,31.733333333333334,74.0,0.5499999999999972,0.4733333333333247,0,0,0.9447722277790006,False,True,train_dev
2026-01-12,96,26.90833333333333,46.18333333333334,239.99999333333335,0.9266666666666481,0.9083846153846032,1,1,0.7559778869497956,False,False,train_dev
2026-01-13,96,33.75833333333333,51.56666666666666,190.0,0.7599999999999909,0.7523333333333306,1,1,0.8406072221553537,False,False,train_dev
2026-01-14,96,14.066666666666668,39.11666666666667,198.0,1.1133333333333297,0.981083333333317,1,1,0.7712025564441118,False,False,train_dev
2026-01-15,96,8.633333333333333,24.458333333333332,240.0,1.3466666666666711,0.9269166666666315,1,1,0.7992301294005214,False,False,train_dev
2026-01-16,96,16.5,36.63333333333333,214.0,0.5733333333333377,0.5637500000000042,1,1,0.7685564082339695,False,False,train_dev
2026-01-17,96,9.633333333333333,16.200000000000003,76.0,0.3333333333333215,0.321833333333327,0,0,1.112642801958431,False,True,train_dev
2026-01-18,96,0.44166666666666665,13.816666666666668,164.0,0.4066666666666805,0.34916666666667107,0,0,0.9967215930256316,False,True,train_dev
2026-01-19,96,-6.066666666666666,10.291666666666666,263.99999333333335,2.18333333333333,1.9169166666666435,1,1,0.7508264999674553,False,False,train_dev
2026-01-20,96,-7.066666666666666,14.066666666666665,273.99999333333335,1.8766666666666794,1.8635448717948775,1,1,0.697748009818231,False,False,train_dev
2026-01-21,96,11.283333333333331,25.133333333333336,238.0,1.3233333333333306,0.9668333333332957,1,1,0.8072574712031143,False,False,train_dev
2026-01-22,96,-4.066666666666666,18.933333333333334,259.99999333333335,1.4933333333333394,0.9988333333333088,1,1,0.7378546572002209,False,False,train_dev
2026-01-23,96,-17.25,-4.766666666666667,252.0,1.903333333333336,1.2938333333332865,1,1,0.9341346792197728,False,False,train_dev
2026-01-24,96,-15.075000000000001,-1.6333333333333335,234.0,0.4366666666666674,0.37916666666666204,0,0,0.8220496639763635,False,True,train_dev
2026-01-25,96,-5.591666666666666,4.675,148.0,0.38999999999999346,0.363166666666662,0,0,0.5808286789549805,True,True,gate_smoke_excluded
2026-01-26,96,-6.074999999999999,10.933333333333335,298.0,2.1515151515151416,2.146958041958041,1,1,0.7006339000830023,True,False,gate_smoke_excluded
2026-01-27,96,1.2333333333333334,13.583333333333334,278.0,1.9266666666666694,1.8557499999999962,1,1,0.7092513759948571,False,False,train_dev
2026-01-28,96,-0.8583333333333334,15.0,262.0,2.1699999999999946,2.062666666666656,1,1,0.7569992460670859,False,False,train_dev
2026-01-29,96,-4.783333333333333,13.791666666666666,273.99999333333335,1.9966666666666555,1.8931666666666516,1,1,0.8957700680258655,False,False,train_dev
2026-01-30,96,4.766666666666667,16.691666666666666,253.99998666666667,1.5533333333333275,1.3578333333333181,1,1,0.8706442680723333,False,False,train_dev
2026-01-31,96,6.566666666666666,23.066666666666666,158.0,0.3933333333333451,0.35116666666667257,0,0,0.9680887415270288,False,True,train_dev
2026-02-01,96,1.6666666666666667,27.78333333333333,150.0,0.38666666666667737,0.38666666666667326,0,0,0.8462999441140556,False,True,train_dev
2026-02-02,96,15.833333333333334,26.666666666666668,266.0,1.0600000000000023,1.0254999999999983,1,1,0.7461985175570774,False,False,train_dev
2026-02-03,96,2.6666666666666665,22.616666666666664,248.0,1.18333333333333,0.9801666666666564,1,1,0.8119925445126187,False,False,train_dev
2026-02-04,96,-2.7416666666666667,25.366666666666664,236.0,1.7733333333333405,1.7369166666666673,1,1,0.8269987314778081,False,False,train_dev
2026-02-05,96,13.258333333333333,31.491666666666664,220.0,0.5933333333333479,0.5818333333333452,1,1,0.8318801603532857,False,False,train_dev
2026-02-06,96,15.733333333333333,38.166666666666664,206.0,0.7133333333333383,0.6404999999999919,1,1,0.8773765296051635,False,False,train_dev
2026-02-07,96,5.825,21.59166666666667,135.99999666666668,0.31333333333332547,0.28841666666666316,0,0,1.0731505626734925,False,True,train_dev
2026-02-08,96,18.933333333333334,28.675,88.0,0.23666666666666458,0.23283333333333442,0,0,0.9647304804945289,False,True,train_dev
2026-02-09,96,20.73333333333333,36.56666666666667,248.0,0.8866666666666561,0.863666666666667,1,1,0.7239150931838605,False,False,train_dev
2026-02-10,96,29.8,40.050000000000004,202.0,0.7099999999999937,0.6908333333333349,1,1,0.7842370234411643,False,False,train_dev
2026-02-11,96,23.333333333333332,39.60833333333333,208.0,0.6099999999999994,0.5505833333333331,1,1,0.8169712351104316,False,False,train_dev
2026-02-12,96,24.849999999999998,37.550000000000004,198.0,0.7399999999999949,0.6805833333333285,1,1,0.7873459448630399,False,False,train_dev
2026-02-13,96,25.666666666666668,51.625,222.0,1.036666666666676,1.0251666666666692,1,1,0.8191096800533403,False,False,train_dev
2026-02-14,96,22.46666666666667,55.48333333333333,114.0,0.20666666666666345,0.20474999999999838,0,0,1.1929333126857606,False,True,train_dev
2026-02-15,96,30.166666666666668,57.4,90.0,0.2500000000000142,0.24425000000001082,0,0,1.3167960775601624,False,True,train_dev
2026-02-16,96,32.13333333333333,63.791666666666664,180.0,0.7233333333333434,0.6926666666666695,1,1,0.9123322259345091,False,False,train_dev
2026-02-17,96,31.383333333333336,54.46666666666667,154.0,0.5733333333333377,0.5388333333333336,1,1,0.8707440096376313,False,False,train_dev
2026-02-18,96,38.03333333333334,57.39166666666667,144.0,0.8733333333333206,0.810083333333316,1,1,0.8993308660855592,False,False,train_dev
2026-02-19,96,29.34166666666667,46.98333333333333,148.0,0.5066666666666606,0.5009166666666572,1,1,0.8446242098871967,False,False,train_dev
2026-02-20,96,27.266666666666666,35.44166666666666,170.0,0.5833333333333428,0.5603333333333292,1,1,0.7930357792447342,False,False,train_dev
2026-02-21,96,21.366666666666664,27.883333333333336,135.99999666666668,0.20666666666666345,0.2047499999999943,0,0,1.270014024748199,False,True,train_dev
2026-02-22,96,16.316666666666666,22.100000000000005,87.99999666666668,0.356666666666662,0.30299999999999905,0,0,1.1297745606847518,False,True,train_dev
2026-02-23,96,16.383333333333336,27.741666666666664,268.0,2.093333333333341,1.5413333333332884,1,1,0.7719999818664673,False,False,train_dev
2026-02-24,96,18.916666666666668,35.06666666666667,255.99998666666667,0.7599999999999909,0.6814166666666575,1,1,0.7331654291749877,False,False,train_dev
2026-02-25,96,21.0,31.083333333333332,218.0,0.7733333333333121,0.7273333333333339,1,1,0.8105600463383621,False,False,train_dev
2026-02-26,96,15.616666666666667,43.275,236.0,0.8366666666666731,0.7120833333333288,1,1,0.6065510693744509,False,False,train_dev
2026-02-27,96,27.891666666666666,60.35,170.0,0.5666666666666629,0.5302499999999938,1,1,0.6353115700821238,False,False,train_dev
2026-02-28,96,20.96666666666667,39.458333333333336,64.0,0.22666666666667368,0.18641666666666623,0,0,1.3270851739204435,False,True,train_dev
2026-03-01,96,4.983333333333333,29.241666666666664,70.0,0.28999999999999915,0.26891666666666697,0,0,1.202241635773473,False,True,train_dev
2026-03-02,96,17.4,45.00833333333333,228.0,0.75,0.7174166666666693,1,1,0.8139731604138539,False,False,train_dev
2026-03-03,96,29.2,44.175000000000004,188.0,0.6633333333333411,0.6518333333333425,1,1,0.7860184762909875,False,False,train_dev
2026-03-04,96,23.349999999999998,52.86666666666667,178.0,0.693333333333328,0.5955833333333194,1,1,0.7521575587603548,False,False,train_dev
2026-03-05,96,38.9,47.375,150.0,0.6966666666666725,0.5854999999999919,1,1,0.7688581052768882,False,False,train_dev
2026-03-06,96,41.94166666666666,59.916666666666664,178.0,0.6599999999999966,0.6063333333333336,1,1,0.7509684042742669,False,False,train_dev
2026-03-07,96,33.233333333333334,58.083333333333336,58.0,0.18484848484848726,0.1831060606060563,0,0,1.2322705975647097,False,True,train_dev
2026-03-08,92,32.725,60.03333333333333,105.99999666666668,0.21333333333333826,0.20598666666666202,0,0,1.3974449707988512,False,True,train_dev
2026-03-09,96,44.275000000000006,72.00833333333333,156.0,0.9433333333333422,0.8398333333333301,1,1,0.9140579716330727,False,False,train_dev
2026-03-10,96,34.96666666666667,50.6,146.0,0.46000000000000796,0.4485000000000012,1,1,0.8607218317893972,False,False,train_dev
2026-03-11,96,32.041666666666664,37.30833333333333,178.0,0.4966666666666697,0.4966666666666697,1,1,0.8185924969774909,False,False,train_dev
2026-03-12,96,27.825,44.833333333333336,160.0,0.6133333333333297,0.6114166666666728,1,1,0.7652868747455521,False,False,train_dev
2026-03-13,96,30.53333333333333,43.800000000000004,164.0,0.6233333333333348,0.6099166666666711,1,1,0.8379006378125466,False,False,train_dev
2026-03-14,96,24.916666666666668,36.291666666666664,58.0,0.22999999999999687,0.19549999999999693,0,0,1.2879091725334038,False,True,train_dev
2026-03-15,96,25.233333333333334,34.65,60.0,0.356666666666662,0.33558333333332985,0,0,1.0942720729323865,False,True,train_dev
2026-03-16,96,18.933333333333334,25.375,218.0,1.1000000000000085,1.0520833333333326,1,1,0.9270591752076095,True,False,gate_smoke_excluded
2026-03-17,96,10.116666666666667,22.0,237.99999333333335,2.2066666666666706,1.6450833333332888,1,1,0.683651329461424,False,False,train_dev
2026-03-18,96,16.358333333333334,37.59166666666667,218.0,0.7366666666666717,0.7194166666666738,1,1,0.7268906587414952,False,False,train_dev
2026-03-19,96,30.633333333333336,48.51666666666667,180.0,0.6948717948718013,0.6805705128205154,1,1,0.819419191460448,False,False,train_dev
2026-03-20,96,37.791666666666664,61.25,154.0,0.7266666666666737,0.6998333333333381,1,1,0.8531426907135436,False,False,train_dev
2026-03-21,96,38.675000000000004,78.79166666666667,48.0,0.20909090909090366,0.19340909090909034,0,0,1.2710627699915766,False,True,train_dev
2026-03-22,96,33.96666666666667,52.75833333333333,50.0,0.3696969696969745,0.32387121212120595,0,0,1.430204739791592,False,True,train_dev
2026-03-23,96,26.974999999999998,44.89166666666667,128.0,1.5033333333333303,1.4554166666666586,1,1,1.3524161623072501,False,False,train_dev
2026-03-24,96,31.40833333333333,52.56666666666666,119.99999666666668,0.6666666666666714,0.6455833333333311,1,1,1.0980311665620144,False,False,train_dev
2026-03-25,96,35.93333333333333,73.28333333333333,108.0,0.5466666666666811,0.5389999999999963,1,1,1.0656327603148865,False,False,train_dev
2026-03-26,96,34.199999999999996,56.5,86.0,0.44666666666665833,0.37958333333333166,1,1,0.9600591836600253,False,False,model_selection_val
2026-03-27,96,26.883333333333336,42.71666666666666,48.0,0.22727272727273373,0.18893939393939138,1,1,0.9880465276629854,False,False,model_selection_val
2026-03-28,96,20.116666666666664,47.48333333333333,56.0,0.173333333333332,0.1656666666666717,0,0,1.0269129501945207,False,True,model_selection_val
2026-03-29,96,37.833333333333336,65.06666666666666,52.0,0.3615384615384727,0.3244114219114237,0,0,0.9676993511482594,False,True,model_selection_val
2026-03-30,96,40.64166666666667,78.63333333333334,190.0,0.86666666666666,0.8589999999999915,1,1,0.8073423353683538,False,False,model_selection_val
2026-03-31,96,41.85,69.38333333333333,119.99999333333334,0.6500000000000057,0.5622756410256416,1,1,0.8335834111267838,False,False,model_selection_val
2026-04-01,96,33.2,43.925000000000004,152.0,0.6733333333333462,0.60433333333333,1,1,0.8644122798932422,False,False,model_selection_val
2026-04-02,96,32.824999999999996,49.85,168.0,0.5266666666666566,0.5098589743589657,1,1,0.8057523417709375,False,False,model_selection_val
2026-04-03,96,36.4,45.51666666666667,148.0,0.5699999999999932,0.5604166666666597,1,1,0.7736780252528357,False,False,model_selection_val
2026-04-04,96,35.15833333333333,43.73333333333333,52.0,0.1393939393939263,0.12824242424241225,0,0,1.1866342539380423,False,True,model_selection_val
2026-04-05,96,32.74166666666667,54.73333333333333,54.0,0.32727272727272805,0.2854545454545401,0,0,1.2502101414141615,False,True,model_selection_val
2026-04-06,96,31.066666666666663,47.56666666666666,186.0,0.9433333333333422,0.8149166666666596,1,1,0.8590662827787742,False,False,model_selection_val
2026-04-07,96,22.541666666666668,42.98333333333333,180.0,0.5233333333333263,0.48499999999999216,1,1,0.8268767076824672,False,False,model_selection_val
2026-04-08,96,32.324999999999996,72.475,158.0,0.7025641025640965,0.6589230769230701,1,1,0.8460804182535301,False,False,model_selection_val
2026-04-09,96,42.300000000000004,61.6,136.0,0.49487179487179844,0.4479871794871736,1,1,0.8756496790760125,False,False,model_selection_val
2026-04-10,96,37.333333333333336,53.050000000000004,118.0,0.6033333333333388,0.4923141025640953,1,1,0.806178728267481,False,False,model_selection_val
2026-04-11,96,30.73333333333333,55.175000000000004,44.0,0.20909090909091788,0.186439393939397,0,0,1.138621137557737,False,True,model_selection_val
2026-04-12,96,48.20000000000001,75.18333333333334,44.0,0.2974358974358893,0.232698135198128,0,0,1.1708456972938237,False,True,model_selection_val
2026-04-13,96,59.40833333333333,73.36666666666667,119.99999666666668,0.6666666666666572,0.6091666666666559,1,1,0.9465017864577744,False,False,model_selection_val
2026-04-14,96,57.25,77.34166666666667,127.99999333333334,0.3076923076922924,0.30326923076923046,1,1,1.0779404799831436,False,False,model_selection_val
2026-04-15,96,56.416666666666664,68.39999999999999,121.99999666666668,0.36666666666667425,0.3494166666666722,1,1,1.1416628834115148,False,False,model_selection_val
2026-04-16,96,54.01666666666667,71.85000000000001,112.0,0.4848484848484844,0.42212121212120657,1,1,1.2225315670370442,False,False,model_selection_val
2026-04-17,96,53.84166666666666,76.27499999999999,140.0,0.31212121212121247,0.3095745920745996,1,1,1.2361989670228335,False,False,model_selection_val
2026-04-18,96,37.43333333333334,53.63333333333333,42.0,0.2766666666666566,0.263946969696962,0,0,1.4793025462424307,False,True,model_selection_val
2026-04-19,96,33.016666666666666,48.425000000000004,40.0,0.27272727272726627,0.2674999999999897,0,0,1.706131551887256,False,True,model_selection_val
2026-04-20,96,27.8,55.175000000000004,150.0,0.7533333333333303,0.7437499999999968,1,1,1.0171244311427021,False,False,model_selection_val
2026-04-21,96,44.94166666666666,78.97500000000001,118.0,0.4933333333333252,0.4837499999999998,1,1,1.0157494391601305,False,False,model_selection_val
2026-04-22,96,48.65,76.78333333333333,118.0,0.3299999999999841,0.3261666666666621,1,1,1.186145390812369,False,False,model_selection_val
2026-04-23,96,49.71666666666667,80.5,110.0,0.29999999999999716,0.29410256410255675,1,1,1.1545451341091908,False,False,model_selection_val
2026-04-24,96,51.300000000000004,72.2,98.0,0.36000000000001364,0.3324696969697008,1,1,1.2249216861815924,False,False,model_selection_val
2026-04-25,96,43.949999999999996,68.175,22.0,0.2030303030302889,0.18909090909089837,0,0,1.5714786781044883,False,True,model_selection_val
2026-04-26,96,43.35,69.53333333333333,22.0,0.20000000000000284,0.1912878787878725,0,0,1.8299950515413705,False,True,model_selection_val
2026-04-27,96,51.416666666666664,67.51666666666667,100.0,0.7545454545454504,0.547196969696958,1,1,1.4620024073803357,False,False,model_selection_val
2026-04-28,96,48.6,64.89166666666667,106.0,0.2969696969696969,0.28721212121211287,1,1,1.3009637457732317,False,False,model_selection_val
2026-04-29,96,37.93333333333334,54.14166666666667,110.0,0.38999999999998636,0.37274999999999253,1,1,1.2481610632782674,False,False,model_selection_val
2026-04-30,96,33.574999999999996,51.85,112.0,0.5866666666666589,0.5464166666666597,1,1,0.9508144280819821,False,False,model_selection_val
2026-05-01,96,34.98333333333333,48.43333333333334,102.0,0.5487179487179503,0.5283717948717952,1,1,0.9680829201186459,False,False,model_selection_val
2026-05-02,96,31.108333333333334,59.26666666666667,28.0,0.22333333333332916,0.19841666666665866,0,0,1.2681267114715709,False,True,model_selection_val
2026-05-03,96,45.70000000000001,71.33333333333334,28.0,0.25,0.21549999999998778,0,0,1.3362402311057107,False,True,model_selection_val
2026-05-04,96,44.5,79.96666666666667,118.0,0.8599999999999994,0.7239166666666648,1,1,0.9469074233817283,False,False,model_selection_val
2026-05-05,96,42.666666666666664,57.949999999999996,94.0,0.4300000000000068,0.39933333333333293,1,1,0.9856269654595265,False,False,model_selection_val
2026-05-06,96,34.46666666666667,51.98333333333333,98.0,0.556666666666672,0.5358782051282057,1,1,0.9076837707495765,False,False,model_selection_val
2026-05-07,96,30.65833333333333,61.13333333333333,105.99999666666668,0.5333333333333172,0.5026666666666515,1,1,0.863961651873164,False,False,model_selection_val
2026-05-08,96,32.041666666666664,69.86666666666667,104.0,0.6400000000000006,0.5978333333333362,1,1,0.9250574924470157,False,False,model_selection_val
2026-05-09,96,49.46666666666667,67.48333333333333,30.0,0.22333333333334338,0.20120454545454936,0,0,1.3470278412437262,False,True,model_selection_val
2026-05-10,96,35.99166666666667,62.35833333333333,26.0,0.1787878787878867,0.17181818181818737,0,0,1.542812372022418,False,True,model_selection_val
2026-05-11,96,36.574999999999996,61.69166666666667,103.99999666666668,0.5435897435897346,0.5357756410256372,1,1,1.1816284875421186,False,False,model_selection_val
2026-05-12,96,41.21666666666667,75.625,120.0,0.6066666666666833,0.4859166666666692,1,1,1.0634121858730838,False,False,model_selection_val
2026-05-13,96,47.0,63.20000000000001,98.0,0.45666666666666345,0.36363461538460706,1,1,1.093680411271886,False,False,model_selection_val
2026-05-14,96,36.225,71.08333333333333,94.0,0.5799999999999983,0.5052499999999869,1,1,1.2252146925883656,False,False,model_selection_val
2026-05-15,96,54.833333333333336,81.68333333333334,76.0,0.3060606060606119,0.2757424242424308,1,1,1.3827120403638007,False,False,heldout_transient
2026-05-16,96,60.458333333333336,84.64166666666667,24.0,0.23636363636364877,0.21893939393940448,0,0,1.8127981441876564,False,True,heldout_transient
2026-05-17,96,56.78333333333334,69.3,28.0,0.1787878787878725,0.1770454545454497,0,0,2.0307843395779432,False,True,heldout_transient
2026-05-18,96,61.074999999999996,78.125,125.99999666666668,0.4363636363636516,0.40151515151514666,1,1,1.263517167711883,False,False,heldout_transient
2026-05-19,96,53.1,69.03333333333333,120.0,0.5515151515151473,0.43651515151513653,1,1,1.0860210514600022,False,False,heldout_transient
2026-05-20,96,46.61666666666667,61.6,114.0,0.36363636363637397,0.3287878787878772,1,1,1.1840822312962296,False,False,heldout_transient
2026-05-21,96,43.166666666666664,57.449999999999996,98.0,0.6939393939393881,0.5249242424242299,1,1,1.275853452576465,False,False,heldout_transient
2026-05-22,96,46.125,65.9,96.0,0.46333333333333826,0.4633333333333301,1,1,1.2213189282744874,False,False,heldout_transient
2026-05-23,96,52.75,74.64166666666667,24.0,0.1787878787878867,0.17007575757576457,0,0,1.4559869864263728,False,True,heldout_transient
2026-05-24,96,56.5,78.08333333333333,26.0,0.27272727272726627,0.25704545454544475,0,0,1.6820850157166625,False,True,heldout_transient
2026-05-25,96,57.291666666666664,83.74166666666666,30.0,0.2454545454545496,0.20886363636363003,1,1,1.8356748428595988,False,False,heldout_transient
2026-05-26,96,60.35,87.65833333333335,133.99999666666668,0.6878787878787875,0.5721818181818077,1,1,1.3695031905697803,False,False,heldout_transient
2026-05-27,96,60.81666666666667,87.2,121.99999666666668,0.6757575757575722,0.6417803030303032,1,1,1.188989209873208,False,False,heldout_transient
2026-05-28,96,56.333333333333336,79.19166666666666,128.0,0.9575757575757535,0.7941363636363482,1,1,1.2253471019226705,False,False,heldout_transient
2026-05-29,96,47.48333333333333,81.55833333333332,140.0,0.7666666666666799,0.7056818181818085,1,1,1.245882503807959,False,False,heldout_transient
2026-05-30,96,52.14166666666667,74.86666666666667,26.0,0.1909090909090878,0.189166666666665,0,0,1.7147055391547348,False,True,heldout_transient
2026-05-31,96,51.80833333333333,78.06666666666666,24.0,0.18181818181817277,0.16613636363635945,0,0,1.9551155864799306,False,True,heldout_transient
2026-06-01,96,57.51666666666667,76.56666666666666,127.99999666666668,1.0090909090909008,0.8871212121212071,1,1,1.3244520490936842,False,False,heldout_transient
2026-06-02,96,49.708333333333336,79.09166666666665,124.0,0.5878787878787932,0.5255536130536105,1,1,1.1460660745160836,False,False,heldout_transient
2026-06-03,96,45.60833333333333,82.7,128.0,0.7121212121212182,0.600606060606053,1,1,1.1918451609894756,False,False,heldout_transient
2026-06-04,96,54.225,86.57499999999999,127.99999666666668,0.6242424242424107,0.6007196969696784,1,1,1.1123429794255506,False,False,heldout_transient
2026-06-05,96,64.05,75.1,140.0,0.6484848484848413,0.6380303030303046,1,1,0.9950735776453271,False,False,heldout_transient
2026-06-06,96,63.11666666666667,81.99166666666667,26.0,0.23333333333333428,0.20545454545454503,0,0,1.5008087855489485,False,True,heldout_transient
2026-06-07,96,62.375,80.16666666666667,26.0,0.16969696969695747,0.15910839160839446,0,0,1.9979148490775902,False,True,heldout_transient
2026-06-08,96,63.63333333333333,80.10000000000001,146.0,1.0181818181818159,0.9850757575757583,1,1,1.1806554941132976,False,False,heldout_transient
2026-06-09,96,70.175,83.85000000000001,158.0,0.6272727272727252,0.5941666666666594,1,1,0.7874571073003898,False,False,heldout_transient
2026-06-10,96,69.16666666666667,86.76666666666667,172.0,0.6212121212121104,0.5170151515151292,1,1,0.8290121992899552,False,False,heldout_transient
2026-06-11,96,61.199999999999996,74.64166666666667,149.99999666666668,0.46999999999999886,0.4436893939393901,1,1,0.8638759331467879,False,False,heldout_transient
2026-06-12,96,56.625,77.89166666666667,86.0,0.6833333333333371,0.6258333333333277,1,1,0.9188284245345955,False,False,heldout_transient
2026-06-13,96,63.15833333333333,83.25,20.0,0.2733333333333263,0.22768181818180822,0,0,1.0887379473229346,False,True,heldout_transient
2026-06-14,96,52.4,67.61666666666667,22.0,0.26060606060605096,0.22227272727271677,0,0,1.494660324160238,False,True,heldout_transient
2026-06-15,96,50.31666666666666,76.68333333333334,74.0,0.6733333333333462,0.6677575757575851,1,1,1.2114409751582536,False,False,heldout_transient
2026-06-16,96,57.6,71.5,80.0,0.6606060606060709,0.45151515151514743,1,1,1.1574563290085462,False,False,heldout_transient
2026-06-17,96,54.31666666666666,63.708333333333336,72.0,0.318181818181813,0.27322727272726405,1,1,1.1633398847334133,False,False,heldout_transient
2026-06-18,96,57.60833333333333,70.98333333333333,56.0,0.25151515151516435,0.24681060606060645,1,1,1.1711032521293012,False,False,heldout_transient
2026-06-19,96,53.31666666666667,75.03333333333333,26.0,0.1545454545454561,0.15193181818181373,1,1,1.3162306286156478,False,False,heldout_transient
2026-06-20,96,56.81666666666666,75.86666666666667,26.0,0.23939393939393483,0.22545454545455246,0,0,1.5206347097357955,False,True,heldout_transient
2026-06-21,96,53.56666666666666,70.275,24.0,0.15757575757575637,0.15060606060605702,0,0,1.5856200565292038,False,True,heldout_transient
2026-06-22,96,56.866666666666674,77.05,94.0,0.3424242424242294,0.31280303030302553,1,1,1.3194140326451915,False,False,heldout_transient
2026-06-23,96,52.583333333333336,78.175,88.0,0.35454545454545894,0.3493181818181906,1,1,1.2603617580557291,False,False,heldout_transient
2026-06-24,96,59.375,72.66666666666667,116.0,0.3727272727272606,0.35530303030302446,1,1,1.0741923764499868,False,False,heldout_transient
2026-06-25,96,57.9,75.83333333333334,125.99999666666668,0.27692307692308304,0.2754487179487209,1,1,1.0853803169850176,False,False,heldout_transient
2026-06-26,96,58.31666666666666,72.25,44.0,0.5100000000000051,0.371999999999989,1,1,1.2268678426744617,False,False,heldout_transient
2026-06-27,96,55.56666666666666,78.80000000000001,20.0,0.20000000000000284,0.17734848484849017,0,0,1.4838310973545512,False,True,heldout_transient
2026-06-28,96,60.03333333333333,77.14166666666667,22.0,0.19393939393938808,0.16257575757575324,0,0,1.6936972723006551,False,True,heldout_transient
2026-06-29,96,71.8,91.35000000000001,154.0,0.8399999999999892,0.6880606060605907,1,1,1.2804896905357397,False,False,heldout_transient
2026-06-30,96,77.81666666666666,90.78333333333332,186.0,0.9933333333333394,0.8211818181818038,1,1,0.996213819796175,False,False,heldout_transient
2026-07-01,96,76.13333333333333,92.95,188.0,0.8266666666666538,0.7503484848484699,1,1,1.0168256809640246,False,False,heldout_transient
2026-07-02,96,68.375,88.85000000000001,160.0,0.9333333333333371,0.922878787878784,1,1,0.8759485245333826,False,False,heldout_transient
2026-07-03,1,69.125,69.125,22.0,0.026666666666670835,0.02665000000000411,0,0,0.9554353657649284,False,False,heldout_transient
