candidate_id,short_label,action_index,schedule_fingerprint,rank_eligible,status,daily_kwh,peak_kw,energy_charge_usd,incremental_demand_charge_usd,total_modeled_objective,readiness_ok,trajectory_sha256
discrete_0,discrete_0,0,3d46ae506792b5998887b304658ad7dee99a02f76180672834dcdc2c9162e49f,True,OK,4468.763591744682,235.31065155983822,491.56399509191505,2823.7278187180586,3315.2918138099735,True,1f7e65be087bbb2cd22522950f32a0ffb7548080d56681fe2fe2ec2eeee1131e
discrete_1,discrete_1,1,fbc8bb742ca9008047c25e4bdece8d99ef24b0b0fe3382c8bc1f5cb5e0bdaf1e,True,OK,4688.278499053397,246.15342599270923,515.7106348958737,2953.8411119125108,3469.5517468083845,True,4ada0072ada0e3ce70119fa07bf8e55c1e042ade860130fb84b81ca54fb451ec
discrete_2,discrete_2,2,e9f47768a7563cada22dfc4e433f544681cb5117a93c236f199cd75435e5815f,True,OK,3834.6116425499995,277.5045963570799,421.80728068049996,3330.0551562849587,3751.8624369654585,False,649597e481501ba1f363a9324ce37cb7b390591dddb4f71be7e5bd3df97a30ea
discrete_14,discrete_14,14,d77222d1b4aca69cac881ddc3108a98445b38b50e3f66c9bbff58347d83d8f68,True,OK,3857.8210329818135,261.9231489426049,424.3603136279995,3143.0777873112584,3567.4381009392578,True,d839c17b9965e3599246c991f0faf1a6a79d682b8e5f535d13e688e5ca0fec01
discrete_26,discrete_26,26,25913ac51744831298608fb6d182ddd74dfabd0a3d40e906e64b006a54749877,True,OK,3880.6858460023805,250.09700407350002,426.87544306026183,3001.1640488820003,3428.039491942262,True,ff373549335f264999bcb6969cdf8f6a588ac3ad9a61193ddde1461ccd96bdda
discrete_38,discrete_38,38,6489da22bf61f0e41be12a7fdfa076e95d862b773b2776151486572b75778c9e,True,OK,3902.269488663658,248.99975023207253,429.2496437530024,2987.9970027848703,3417.246646537873,True,ebfdf30f968cfda740009d3b5e7f80e9586604b1e797c051fe07933ed27a1c5f
discrete_42,discrete_42,42,962e39f27e0f361f015c42ad0394bc14b5932380c628bb0021adbe9faaa6e73a,True,OK,3971.614174434392,248.8571502436732,436.87755918778316,2986.2858029240783,3423.1633621118617,True,e9a3575598376764496fd742b5e3a3530fb4af5f789051c6256286d9aff002ef
discrete_43,discrete_43,43,afc241ec809e27602121baf1d33bf198bef7be3ae25405e8002fceafbab43eb5,True,OK,4016.32732434453,248.8571502436732,441.79600567789834,2986.2858029240783,3428.0818086019767,True,6ecddb3f512e8339b864881e32b60a7e8411b7b6f95e90d61742849281f048fb
discrete_50,discrete_50,50,fa218bc102be9f05ee106894792be4dcf589b4349fedd8c01b57ee3e7ed38dd8,True,OK,4131.2837279637915,260.8047010321624,454.4412100760171,3129.656412385949,3584.0976224619662,False,cf234269bef8fcea5d0511322e4ced5ca08403dab162caf469fd43537d3027a4
discrete_62,discrete_62,62,4ebf4954cc32d1b439b4016f9474981bc0ce73631b2860f821385100971f159f,True,OK,4146.367458473184,247.5877227303079,456.1004204320503,2971.0526727636948,3427.153093195745,True,a1fed3008973bb3602a5d50f4715d07fdcf9fb5c24986ebf3d100e96a279f7ad
discrete_58,discrete_58,58,08c07711844159236f4aef2cf81a87ea082316d383970f6810d2ae8e8d621f7f,True,OK,4283.90241603362,250.7258853346065,471.22926576369827,3008.710624015278,3479.939889778976,False,c6adb3f1be7ac66416b6275d112ae75aee2f9dd5a79957ae3285e2edb16d53ac
discrete_94,discrete_94,94,c23636d1d3b73d038d9fe6e98543bdaec37bce1ebdb249d3c59b7a793e1696cf,True,OK,4316.201223645703,247.78283845386792,474.78213460102734,2973.394061446415,3448.1761960474423,True,a44dbe2f1565cb6b2ff31d9da02c859bd957e197fec23311c88fc44efce4fa69
discrete_3,discrete_3,3,bdedf8e592a0553f83ba99213e6d0c5eb2e37685fac492b66ea9e536b06c789d,True,OK,3882.920167608124,277.5045963570799,427.1212184368936,3330.0551562849587,3757.1763747218524,False,134bd910c67cbe052bcdc64df47e7218b33bc3fd471dd6fd39fcd645d074be8d
discrete_4,discrete_4,4,318484f3c3a6fbe8850e3036ce94e5fe8a82fb2386f8eaaecd3276406c177038,True,OK,3935.350382566327,277.5045963570799,432.888542082296,3330.0551562849587,3762.943698367255,False,5d91576b27a3e6c16ed97cd2345b79c7015277c0e17a4d0d0c4fe22f6d2b18a0
discrete_5,discrete_5,5,0edbeafc6c06ce742e5f17f6e42dfac50fd4172d1e7766435987716634a32d3d,True,OK,3989.990092041608,277.5045963570799,438.8989101245769,3330.0551562849587,3768.9540664095357,False,991e052ee2170546fb3a7ff1058ae217dde3689ec3965cb1b38eb2ca41c8b3db
discrete_6,discrete_6,6,8837c3893a54e6148c2bc7efd8c403414d3f418136c5364c2f4eaf2007cb8d1f,True,OK,3909.740962657018,273.74869184693915,430.07150589227194,3284.9843021632696,3715.0558080555415,False,e28d31be7a8e95b06fb1a937448488b87d13072557123327b2bc56a1d04fc3ff
discrete_7,discrete_7,7,07dd41b4623e88ca11baa2ded452345d8efab7441b769c107673552f18f866e3,True,OK,3954.8369790203965,273.74869184693915,435.03206769224363,3284.9843021632696,3720.0163698555134,False,7191960a3cc6015ce43e967f437956ee049c05cbe6a2a286da5785a349e7730e
discrete_8,discrete_8,8,67e1d9f96ada1db9a70ace4a6e8a918428fcfd7322de9d7a2382d98a6de240a4,True,OK,4001.79044327261,273.74869184693915,440.1969487599871,3284.9843021632696,3725.181250923257,False,a602075cb00b58aed29cb13eb34b2ce4c135f4f78a095e20c5fdf3badcd61211
discrete_9,discrete_9,9,0fa3340bb072a8b727a28dca3a1bd07213c756988afa4af44ff221e491cb3275,True,OK,4052.1368410333134,273.74869184693915,445.73505251366447,3284.9843021632696,3730.719354676934,False,8e0e4f296b22843d1de2572505c09be3dcfa774d60a09954099603c408bf3864
discrete_10,discrete_10,10,f188f55a412cf20201a27f1efc1a8bf26bb4aed9fc12eb6532df3f9fec5b51a7,True,OK,3982.117422864523,269.93963201044465,438.03291651509755,3239.2755841253356,3677.308500640433,False,188b3b709134c24f549cc6b98ca8a930762f3ee1afd567b58d3719b1664c420e
discrete_11,discrete_11,11,c28b147a6561a78b7c358fcbb58b1b8b6b1cffc6644eb62ac32e702a1e400594,True,OK,4022.3344978359346,269.93963201044465,442.4567947619528,3239.2755841253356,3681.732378887288,False,985da9b7ca289db24ce0a616ddb0f5724e0601b6ac4bda70b969312cc2203b36
discrete_12,discrete_12,12,104a65670276a94645c5deb095e3869aa2b09b382a9a9f2a1dd82022593453f9,True,OK,4064.715049818395,269.93963201044465,447.11865548002345,3239.2755841253356,3686.394239605359,False,343393202c58ffc4da599526f82e029140c0cc6a7206dc421d09ba6b73bf0ddb
discrete_13,discrete_13,13,0e4050205426fab91e079e9231b2fb97b48f4f1dc60aa24f43be441e1faa351a,True,OK,4110.029824742818,269.93963201044465,452.10328072170995,3239.2755841253356,3691.3788648470454,False,0a2a90dec7b63de5061eb0c9c6c5d95e15b0716b7e7c37e3fdfe50e8c4ddc104
discrete_15,discrete_15,15,e1bc07f216df36238ca7d4d6baa938ebe5e45863c75237635ce2201374d0bdd5,True,OK,3905.8762283876076,261.9231489426049,429.64638512263684,3143.0777873112584,3572.724172433895,True,8f88d66b2bb6a21d53b46cf2376c99c6ffbae88bed9646916b8caf11ce66c561
discrete_16,discrete_16,16,827bd9ae3e02159e483a9ddd7107cbc4bce754030b5a52ba15702559a037ea25,True,OK,3958.1321344325934,261.9231489426049,435.39453478758526,3143.0777873112584,3578.4723220988435,True,46668b482d2b85a2ed0e467c4fe49aacf26cdf66aa67a62012e2dbfe0fcbf0c0
discrete_17,discrete_17,17,5ff2e1d9ed893ae6f14d970bf9176cccb7400b0312627a0e748cd4a255edd16a,True,OK,4012.644525078308,261.9231489426049,441.39089775861385,3143.0777873112584,3584.468685069872,True,9ac93149c449c9cfb1f6d7ffe793197a9f1fbe3939035db9b019ebee7ce2d944
discrete_18,discrete_18,18,c49268022851be3c6329818efa1802c7ff6ebb95b2ee0f28028b4c3c3d8f6797,True,OK,3931.0808319375324,258.38167409790077,432.41889151312853,3100.5800891748095,3532.998980687938,True,0eee063599df207aa268fd5afbaa581072a0d04fea2399bda7f7a8e4e3f1b0d1
discrete_19,discrete_19,19,cd7c1b84f40c38d1f4a099fea91bf76a4e7173d0bc4ecf9a26ef71252345fa5a,True,OK,3976.080368093628,258.38167409790077,437.368840490299,3100.5800891748095,3537.9489296651086,True,e5783360152579cb46ce06b7cea986e518babd0def15ee0c482a0c1c7c74b458
discrete_20,discrete_20,20,c2ea596fd40fba25e0dd014fcc56e9067856bf6db5aabfb3991684e394d9bd37,True,OK,4022.9185803000755,258.38167409790077,442.5210438330083,3100.5800891748095,3543.1011330078177,True,b7c18a7c723843e88deba6d3e891c2fc6f08a4e9bc52bdf064aacf593cd735b1
discrete_21,discrete_21,21,4a5962621291cdf00cc0c03bbe8a42015638737562fa59dadb685d4958a39b1f,True,OK,4073.123404955993,258.38167409790077,448.04357454515923,3100.5800891748095,3548.6236637199686,True,3dfd6e5e6254357f45b083f3c42828d9c15092c24acaad2e39a838f01f76c1a7
discrete_22,discrete_22,22,8fd9c78bd55d3ee17944c57695fa85c9f14c075ca08d812ff8d2fd4704a8fc98,True,OK,4001.314983221314,254.97361327684888,440.1446481543445,3059.6833593221863,3499.8280074765307,True,965dd89f052f37e626b1a30d4579f9f59e76e1ba049232ae305aa7bb5c5a0c06
discrete_23,discrete_23,23,f72e5d27d9e62e20347866c636a846602227f78cee42472ba801c02ca4fd9525,True,OK,4041.3159349456446,254.97361327684888,444.5447528440209,3059.6833593221863,3504.228112166207,True,83c9ad8d38ded2c654859a653ce49391efb6878358652e4c5ff20da40911faf7
discrete_24,discrete_24,24,e3d863c2c5cfc12c9eca70ca72822320947e811434fea41047550f7cd01114b1,True,OK,4083.5838348347156,254.97361327684888,449.1942218318187,3059.6833593221863,3508.877581154005,True,a562155db5fb50d50fa2854a3f0483288f8d4d1fbaf3bdee33053298b5b1f709
discrete_25,discrete_25,25,75f64eb0713a9c2fe35a29f17e1c17d163aeceeb95f26bf3bdb74f8c1c3027ae,True,OK,4128.77903330884,254.97361327684888,454.16569366397243,3059.6833593221863,3513.8490529861588,True,013c5a459ade7e124f245902281d3e43a4993c94a7fdb8624ea23a3b2e02bf55
discrete_27,discrete_27,27,7186560396f125e16f3b45e11e1358078bba65694f63a123de9a7bb92de5e8f3,True,OK,3928.5510558379533,250.09700407350002,432.14061614217485,3001.1640488820003,3433.304665024175,True,4bb75119e14eb2a38e57f735e89fa316abd2aee64641983ca6f9aedae2333048
discrete_28,discrete_28,28,495d7441ed1216ffa94e883e7d8dfe4ff4f93c8d8a0948d9919fcf578683d502,True,OK,3980.698292551807,250.09700407350002,437.8768121806988,3001.1640488820003,3439.040861062699,True,98af2fa22e4b341e8964fb54428e55b482f335e1756e159676997ac31bb93cbd
discrete_29,discrete_29,29,94847afe2190b1fc23ae569a8c897897068917135bd61416532be6535274adb6,True,OK,4035.0965192342665,250.09700407350002,443.8606171157694,3001.1640488820003,3445.0246659977697,True,7dc2b93d899f5b70ed101149378d47c19e8f82a29ec92f6f1d861cbac6c92cff
discrete_30,discrete_30,30,0924006f09ee1ffcd5adf370da3b724c5d8237eaf85d01858ab269e64f05580c,True,OK,3951.8237887786904,247.50773791909015,434.7006167656559,2970.092855029082,3404.793471794738,True,9e75f361d7d2b0d98413e550e17654307c5ef26ba9494309a84a90a906966b97
discrete_31,discrete_31,31,d313a4093dd990622324b69d39f27658f8645c5bcba5c6a7ac950966a479233a,True,OK,3996.6708947000247,247.50773791909015,439.6337984170027,2970.092855029082,3409.7266534460846,True,b2a75d4ae6729f9d1fa3c3f6477a65fb9eca5ada2712a5e61cf17b8493e0eee7
discrete_32,discrete_32,32,7887889a04e26c735ec00ad175000b925a1d1fce94bed1f75878cc76abb0ed48,True,OK,4043.427660141969,247.50773791909015,444.7770426156166,2970.092855029082,3414.8698976446985,True,fee7fb4e9fdebbeedbae6fa56029479c2adcb6eb99ba6e79eb766f098c54205e
discrete_33,discrete_33,33,394440247ed56ac4bb85a27f18314ffc32d45ea4c65fbc228ff7ecffd879d2ff,True,OK,4093.531615071423,247.50773791909015,450.28847765785656,2970.092855029082,3420.3813326869385,True,b0cc27dab3df02bcc4b53e03dab9751d5fa0f0ebfb5d38c8fb299e79ca03de70
discrete_34,discrete_34,34,d5acb7c30fe623bed49faa9809f0b993fb45801b7dcacd8bab3762e1252aeb72,True,OK,4019.135291790912,244.88279996823974,442.1048820970003,2938.593599618877,3380.6984817158773,True,c5f1e679e49f4cbaf9db1942ef931c45d3f9f146eb2ed4b54222bcf774850fcf
discrete_35,discrete_35,35,d0ce5f11594e14c44f739f047d09fb6cae391ed6d3073c9df857f80c01d54357,True,OK,4058.9758018366665,244.88279996823974,446.48733820203336,2938.593599618877,3385.08093782091,True,e53f9225b45e6c375cde251b76168a0dd7129d1fde90f4a434477506e80dc3f8
discrete_36,discrete_36,36,5848f7472db18763d4a825ec755304abcec90702de9eef5a58f8619190b15ea6,True,OK,4101.167491101998,244.88279996823974,451.1284240212198,2938.593599618877,3389.7220236400967,True,26272dfaf1ec750f8362780f40392f4d1906c22892e92baef47502a67ce403f0
discrete_37,discrete_37,37,960e65c237f7dfa06b8ec9e9f16a1ba82f0595979efb169be5527a375e473c3d,True,OK,4146.272285363331,244.88279996823974,456.0899513899665,2938.593599618877,3394.683551008843,True,2ea81fa7284fe6271d67f735ef7561b5e5415baa808fefae803eb43d819ff6df
discrete_39,discrete_39,39,1ac64171b22a531f72ac15d259ddc1dd97857a2e15345f522705ffcd36ad2b19,True,OK,3949.952930249052,248.99975023207253,434.49482232739575,2987.9970027848703,3422.4918251122663,True,486c5ef6721bedc42c3bfa942ce2e732c4ba6cb544289e45edb3051e127fc711
discrete_40,discrete_40,40,0e0fadab66acfe390ebe49de3a7c94b2429aad4718203d1f8faf1ba3a6eee269,True,OK,4002.004023488255,248.99975023207253,440.22044258370806,2987.9970027848703,3428.2174453685784,True,61fb581068a967066a09763530fa5bc3f1735b703e43a11501da4ade0ee45311
discrete_41,discrete_41,41,bfa466d544e37a2aaecad8c2b914ca315679ec4f6b68a95e65ca4abc7a8d00ee,True,OK,4056.29283916383,248.99975023207253,446.19221230802134,2987.9970027848703,3434.1892150928916,True,cba913828b14e39b48059dbd180a55cc745e19612a8b58552262d55374df6fe9
discrete_44,discrete_44,44,2718f293c36536502270021b18a065422725803097ccd1483f86443208a5c0c3,True,OK,4063.0098867363495,248.8571502436732,446.9310875409984,2986.2858029240783,3433.2168904650766,True,ca817a318662a18fc0ce3c065abac475e3b4511653efff5f623b30180564e7ca
discrete_45,discrete_45,45,5acb031d088522fdb128a72f544f1e7b38020792d2b926b52838e0d7095cb6e3,True,OK,4113.020580954963,248.8571502436732,452.432263905046,2986.2858029240783,3438.7180668291244,True,c2d1dd1e9da42f0ad655f1b389b0e3e1c1ddc6de4a32be612ea751c69cc0fd12
discrete_46,discrete_46,46,1b469a4c000c52726c7c723438f3363e9ba8c63be27ea18353c6f0b899092dbd,True,OK,4038.4297979324833,248.68230155303468,444.2272777725732,2984.187618636416,3428.414896408989,True,d7740e96de60cfeba441d026d6f543a7fe39387ae046cf3832714a58003805b7
discrete_47,discrete_47,47,d0eb29a5989bf25f9eefa07db75bbc08899c62535a016a14d33e09573c786f4a,True,OK,4077.987064502117,248.68230155303468,448.57857709523284,2984.187618636416,3432.766195731649,True,7b73795cbcf6ad65d666efa8a7dd48130b2e0ecf81e0ea1d86db9d8cc1b151f7
discrete_48,discrete_48,48,1aba4118696b7c67b2decf6a0b1e3bccee4c4940bb3c914a04a3d7dc8dbd0e0d,True,OK,4120.119843521545,248.68230155303468,453.2131827873699,2984.187618636416,3437.400801423786,True,d3c03ca1425bf96237a5241cf4c4f314ad747f567004400b6d42654122b655ac
discrete_49,discrete_49,49,ed20cd63ff0f8ffcd6b6188c7db277767fac229cf734e386b4140932b50b2ea5,True,OK,4165.135883456312,248.68230155303468,458.1649471801943,2984.187618636416,3442.3525658166104,True,391c0c3ff11ea7987392dfcce9b53e1f7d6f51fc4ec03b533052def5a91199c3
discrete_51,discrete_51,51,e6de324b8dd888231f2cfbdbe1322dec84d567eb8165bd7cf0586e4df952c66e,True,OK,4162.810030569891,260.8047010321624,457.90910336268803,3129.656412385949,3587.565515748637,False,b47f0b61057ffee1e2f97b9ff966e52e431808fb81c1a5d04733b646d1d0f466
discrete_52,discrete_52,52,b802efcd94b2ed1557760c37693af50c10cce9bdad72158040023b85fbdf8482,True,OK,4196.200344449146,260.8047010321624,461.582037889406,3129.656412385949,3591.238450275355,False,5c31f8389d54428e504374012f253e67746778cc0af46a2f08f43d4e58c229e2
discrete_53,discrete_53,53,9483290d85a2f2f9385329541f8a6a39c7513448d8109d06736d258591d25544,True,OK,4231.807374706544,260.8047010321624,465.4988112177198,3129.656412385949,3595.1552236036687,False,cc024e0120e543e8239f20db9426b0fa0077f4b3fdb82f282919fc45e9876a5b
discrete_54,discrete_54,54,aa9973a88c5e412af89d9d88d753a51a8e6e983d4d49929ae473cbd078f2f0b0,True,OK,4206.74146344631,256.0630368422308,462.7415609790941,3072.75644210677,3535.498003085864,False,1309989a00fa188824289c755cd8f0a930424197b4efff2398840518ce64e408
discrete_55,discrete_55,55,61f76dc4bc2321112088e838a2dbee9fc0f5b7055c20cb6d9587a785cf03a5ae,True,OK,4234.03935972251,256.0630368422308,465.74432956947606,3072.75644210677,3538.500771676246,False,9290e2a1263306c3d84b4e3b3bdcb5daaef167a3754a8c4fd2bb13c94d58225b
discrete_56,discrete_56,56,b5a7d36bc9f12d8378f0bdea1133707c7b46264121c029d28aea346af8e1dceb,True,OK,4262.944986514516,256.0630368422308,468.92394851659674,3072.75644210677,3541.6803906233667,False,abbc437e0479e6e47ea6dc62b7b451b2765af9e6148490234a2296a2c1567ac5
discrete_57,discrete_57,57,87b8a13cfdf455826599e72917d31b5a41899d4f190a4239aeef9e8ee809eb10,True,OK,4293.5835988120525,256.0630368422308,472.2941958693258,3072.75644210677,3545.050637976096,False,33d924b5706c55cca4a011e90fdecc9e1e82649b9521fc0f969a565fd61dd6fd
discrete_59,discrete_59,59,fc2751e400f3a416e3ceaf89e7d9765d9d68f819a902b827c8272a633e663b3c,True,OK,4306.248888427363,250.7258853346065,473.68737772701,3008.710624015278,3482.398001742288,False,5f6be057b2cc754a9ace0245b1fc9b77d18e23c69042430b2a5ac76b3b279f59
discrete_60,discrete_60,60,240fd1b9d53ca4f5bcc067bee6da2de450198a4d2b9a41c482ca9ad1fa7ff592,True,OK,4330.524415057989,250.7258853346065,476.35768565637886,3008.710624015278,3485.0683096716566,False,c3f935a1f7c72716b992599f8a2a36c2e5fb32b67ca3f50854d977d59b81d016
discrete_61,discrete_61,61,396327a2ff55343a5b7a33b9d9ce9b3635b4162bb069b1e225ce073a544e130b,True,OK,4356.3864345625025,250.7258853346065,479.2025078018753,3008.710624015278,3487.913131817153,False,16d46390bee000a262b0650f35205f07dd6980ae45b39c67372df85941fefae5
discrete_63,discrete_63,63,f2aa5b208ad37fd21f6595764d2629754c43fd3a4a4600ec7d56302a7b77f4cd,True,OK,4177.993689494821,247.5877227303079,459.57930584443034,2971.0526727636948,3430.631978608125,True,aaa3462d6734c9ff0f8656dca72848c5f681efa718ae015c64eee637943365c0
discrete_64,discrete_64,64,2d4063454bf2055c97ce42c467e78ce802cbd697fd1fc21863ee5cda98ccb748,True,OK,4211.300201279511,247.5877227303079,463.2430221407463,2971.0526727636948,3434.295694904441,True,cb0b89ee3a89c75c1457dda2109d71f82d6478c20b5f82526a636caf9e7263be
discrete_65,discrete_65,65,ba3727c4ce053745cd868dc050322dc44df36ba4931930070fa7ca8a94942db0,True,OK,4246.834961826792,247.5877227303079,467.15184580094717,2971.0526727636948,3438.204518564642,True,22d614c1b547996e03677fbeba514fc65504301613a06e086da7c847a35b5123
discrete_66,discrete_66,66,b899fb0f78c22bc8a8d0006eb575484506322916de558ee6fde549dbaf884cb4,True,OK,4220.537599786365,243.93775319630961,464.25913597650015,2927.2530383557155,3391.5121743322156,True,d8348c6d26d00d1713201b053e7a260cd8c1b67acb8085ae48203da80afdc9f5
discrete_67,discrete_67,67,b1ac9a43d1a5cd3ddd274115c1a465cb52c61c7602d792e34d1d3a141989eedb,True,OK,4247.762931788844,243.93775319630961,467.2539224967729,2927.2530383557155,3394.506960852488,True,9c5bafcd101ca6a2209f55ebb2293405fcf743fb12e77722e260149b718b7978
discrete_68,discrete_68,68,b29537942cbc3037e2e2f4305c9f3f2ff70be7ad597921b41ed7befa842dc2e9,True,OK,4276.600687512494,243.93775319630961,470.4260756263743,2927.2530383557155,3397.67911398209,True,74124a4aec39dd8494e42ae9f0b8525563e85eea80d7c550e1879c58bf7828ff
discrete_69,discrete_69,69,0b5083b5d714edd31f0cd8cca6d7252e933f64b08e79f137102a73580a24197d,True,OK,4307.190202985405,243.93775319630961,473.7909223283946,2927.2530383557155,3401.04396068411,True,066895efbd45c4bf0925c2425e1bb0c71c9dfba0ac7466206999051382a24437
discrete_70,discrete_70,70,e0c571ae8182e1723ee75d595c93ae867b56c4dbaafecff7bf54aea82e012fa0,True,OK,4295.303095897385,240.0672408274534,472.48334054871236,2880.806889929441,3353.2902304781533,True,9b1c42dff252b0b65680ac5cf0cd02c9c72e12a1202728a8e442a4e8a93cfe89
discrete_71,discrete_71,71,f8dae232534e13cec6c6c9795b3c0aa00b9c69e8390131642c5a61b89c38ca03,True,OK,4317.595125098032,240.0672408274534,474.9354637607836,2880.806889929441,3355.7423536902243,True,c4a455c883ffcf7d2d1e8c1bc96cfa0ce6cfbbe2fc7b4eec4ccd0224535c7d5b
discrete_72,discrete_72,72,cff0bfe968613afff2150b3f0e7bb3fa77b6d0a9774ad3762a349b7ee7b667a8,True,OK,4341.834191978191,240.0672408274534,477.601761117601,2880.806889929441,3358.4086510470415,True,c46fced84761ad63ecbb3dd6bcc076c65773bac08d9d287240a9d36882f0f516
discrete_73,discrete_73,73,f39a793529408c9f71dc65acf69864776321046f62ad055b1cf691331be0af80,True,OK,4367.668479001265,240.0672408274534,480.44353269013914,2880.806889929441,3361.2504226195797,True,ced5f437e88fcdee42122ebc6a6ba7bb45fc574802c40f2c173d527742c19193
discrete_74,discrete_74,74,760d223ec5595558c6856128f3f56556b4136b7fbefde759edbc39cf39031701,True,OK,4160.634217168372,245.36931880162493,457.66976388852095,2944.4318256194993,3402.10158950802,True,ea533ecf86b7605834808425e1ba021cf46447fa966b998d8fccfc15401d28db
discrete_75,discrete_75,75,3f00b0d9683bb79595374d1d3488172cb462364afdab53a44998cc499badff21,True,OK,4192.190125736834,245.36931880162493,461.1409138310517,2944.4318256194993,3405.572739450551,True,0488196ffd57ba101e76c03a375e7452cc93af8c80978267625da33d7607deb9
discrete_76,discrete_76,76,f9c07adc8fb030c5ee4e932a3a31f79861c4441e0004eeef2b1b93da5929ae54,True,OK,4225.423247586968,245.36931880162493,464.7965572345664,2944.4318256194993,3409.228382854066,True,c39b71b502780ba4cac281a43a3fff09a9f54256ecda768f0f88f340663940d2
discrete_77,discrete_77,77,ded00c004b6f399b0284c865564c27425942bc5fa65fa1317c6764d373f2911e,True,OK,4260.912229257484,245.36931880162493,468.70034521832326,2944.4318256194993,3413.1321708378227,True,0c6dd6dd3b9148cbf26891d356e5458b8dd31b6c066a64913272c9fa1812bcf6
discrete_78,discrete_78,78,c4c6147289412bcca06390d097beee51c079b70d9edc86bb623620444028db1b,True,OK,4232.620112544473,245.54757302409348,465.588212379892,2946.5708762891218,3412.1590886690137,True,8bc3f4d77fe7c265f77ce4ea5f15bd027eb1304a205fdfacc6542c46273d1d3d
discrete_79,discrete_79,79,19e00e1c9cd42a10db708b46a9c2bab20f73dff2c41b617ce99486b9032655d8,True,OK,4259.792312839957,245.54757302409348,468.5771544123953,2946.5708762891218,3415.148030701517,True,c93932947dc2d9df73a5541ca8949c3aed25ed6621c71c9c38afad938dd714e7
discrete_80,discrete_80,80,b3dacfd67507a978755d0372b59363f888f584d8e71bf7c2461ab35d8c92ccc1,True,OK,4288.576993672978,245.54757302409348,471.74346930402754,2946.5708762891218,3418.3143455931495,True,c58d2b0b44205a442c9b5b6e337c671e8f89fc5c018a140365a7d016556c49f5
discrete_81,discrete_81,81,f0297fa84a0e30b132c3614d0e89e9724992a528a73d3c6dd7afcfaf918e9218,True,OK,4319.130542206927,245.54757302409348,475.104359642762,2946.5708762891218,3421.675235931884,True,ad286e6bd264d60938f7595fb0a0120659d96b2ea8b0990731a4ea6b67343508
discrete_82,discrete_82,82,ea38423d9264f879511c30958a09f62b7c396dcdec7f2d01a0470b21f6adccf2,True,OK,4305.371396118295,245.70216528281318,473.5908535730124,2948.425983393758,3422.0168369667704,True,6bff59b1389253e98cbfa1defe78adbf6b2b3f83e33a4d1a572500f4e7eabd7d
discrete_83,discrete_83,83,616728691aa755aa7655084f642194d7021a5f21d91af091f48a973ecd53e055,True,OK,4327.620939921687,245.70216528281318,476.0383033913855,2948.425983393758,3424.4642867851435,True,55be4610d007739931db905c6ce9995e6b891ec9ea6e1ebcf0a73eb50a392f59
discrete_84,discrete_84,84,3ea9c5953ae5aa39f256f4593ed6330927f164ff72d1b19dd9cf092b4ed47b3b,True,OK,4351.834272402967,245.70216528281318,478.70176996432645,2948.425983393758,3427.1277533580846,True,3e6159540402ede5a3d110757193162e8cbc9671daa0047ed1b5583a5b29b815
discrete_85,discrete_85,85,86b577ae28bbec92e977753ba4098d93aa88572381ac2b42a9f5daad863c9840,True,OK,4377.647481483669,245.70216528281318,481.5412229632036,2948.425983393758,3429.9672063569615,True,3424d6235ce76e7fa4e9082a98db536a455e7d9006862841d6d4b5d325d8963a
discrete_86,discrete_86,86,3fd4618b02bc2d83f7c39263112ec48a15a2bda7d11cfdaa7593d09b684a4c72,True,OK,4174.807525121526,248.2523085522397,459.22882776336786,2979.0277026268764,3438.2565303902443,True,3cd181cc0a6ad8feff15314145880b608af4985b6ac05d9f9b9890baf3d0bb8e
discrete_87,discrete_87,87,74ae5e80429ccd3e09e9ae7e173e99b6f1213b07a219a6da92b9afac6b58b408,True,OK,4206.291280003799,248.2523085522397,462.6920408004179,2979.0277026268764,3441.7197434272944,True,8b71992af33154fc0d61ff34ec46f0c4be0eadee798cbe62968a10bebf0511b8
discrete_88,discrete_88,88,199f21a7ba16193a96b8b262eaf4931258f1f615f284cdeb1495555c73e5aacc,True,OK,4239.474176761996,248.2523085522397,466.3421594438196,2979.0277026268764,3445.369862070696,True,142b7a4412550d0106cac601c8ea0a6268345f98acfd8df02114b270450d3761
discrete_89,discrete_89,89,a00619b1feda5830e499def4a73f3cf6d435ae86b72c6e9129ab5277c1f3738e,True,OK,4274.89834792047,248.2523085522397,470.2388182712516,2979.0277026268764,3449.266520898128,True,80c76cb4a5a66020a3e8264da397d4e2b0d0b562b33165f30f66196aa5ba93aa
discrete_90,discrete_90,90,66f88b474fb12aef4ec1750ed80d8faf3d39fdf318a4a53f1d7525f60128f9a5,True,OK,4245.5964210304155,248.06523194469537,467.01560631334564,2976.7827833363444,3443.79838964969,True,02d4fb3f647dda1b9ff6517a0fc18963cea01538024d081ba26cf9e070e92921
discrete_91,discrete_91,91,67c6d17c3b3db0ae85640ab6c43c115a683b3ec9c438db6b92033d68559edda4,True,OK,4272.7241777454765,248.06523194469537,469.99965955200247,2976.7827833363444,3446.782442888347,True,bab712b91e87842492cfe7862185eb70d66ae09e5f47feb3a08aad653c0f4e46
discrete_92,discrete_92,92,2225d7454461f6d2ec3c3e6f13895fc5bc4c34ccccd50896e5d4c2099226f872,True,OK,4301.46038565635,248.06523194469537,473.1606424221985,2976.7827833363444,3449.943425758543,True,681585e775b5a3386642d0fc376a4455737f9baf93d85771095ba6582144c9bd
discrete_93,discrete_93,93,9858fc309766795d99fa59880a3d055c1180c0f2b9f5625270ef00f817d5f8c8,True,OK,4331.980655970722,248.06523194469537,476.5178721567795,2976.7827833363444,3453.300655493124,True,8e0e24d5c17b257171b4fd169b8dd4a845b5a6593c136c7d76d8b79b9b93ade5
discrete_95,discrete_95,95,604076fa9a3f165ebabb82c215c56aeede2b11f0f0de24fc17ebe54282920bfe,True,OK,4338.411228127983,247.78283845386792,477.22523509407813,2973.394061446415,3450.619296540493,True,d0d2b43974537db3ced41f5c87d6e50f0382e00df4686eaac2c59c35ee8c5f3c
discrete_96,discrete_96,96,faad6e8273bbb9da8b359e964ab706b6a67ec0ae4580d76b37ed3eec581fd681,True,OK,4362.60056162477,247.78283845386792,479.88606177872475,2973.394061446415,3453.2801232251395,True,1f381d928bc49509fe878ebbc4dc46fcb52c4ec2e20522f8ca2bde59809aec30
discrete_97,discrete_97,97,7cb8753a3240528a7ec88d1867e688d9a2538e6168963040d639da8241354a8b,True,OK,4388.395036375891,247.78283845386792,482.72345400134805,2973.394061446415,3456.1175154477633,True,213cb8007e876b83f557ac03ffb0ce49fe3788f2bc78513824a41a1eed985cb8
discrete_102,discrete_102,102,f67879c6402a212e3f95e5aa5826b9fa119617fa6f466f23e353c34b39bb1143,True,OK,4358.524477680843,244.94449313658072,479.4376925448928,2939.3339176389686,3418.7716101838614,False,14036b9099c2fe836d7368c8025868bfd77d315739195577990e40dfe2bbe1c1
discrete_103,discrete_103,103,21c6ff6af96140f27e8f59b9bd14a408f2541678c0459f605f2f9c72343131b3,True,OK,4379.793584436948,244.94449313658072,481.77729428806424,2939.3339176389686,3421.111211927033,False,ba27389e217aa11889a13930bf027c03eb640061cea4884387e595b73213edcf
discrete_104,discrete_104,104,fcf49065b51dc6fd7e99239e6ec58788fc8dc2460049b343e642903c5aa4fef6,True,OK,4399.4217776172645,244.94449313658072,483.9363955378991,2939.3339176389686,3423.2703131768676,False,10053710d8a6b5f1721bfb5512025d10e86f11c9c3b730a51a154412c67f17de
discrete_105,discrete_105,105,d0df06769a051e191d5a7ad18699aca355c22f49fa34c448b5ce4e6bc027d01d,True,OK,4420.0475804972275,244.94449313658072,486.20523385469505,2939.3339176389686,3425.5391514936637,False,56728e6efa05c9eb68215f2751d947fad38e3ae446ace9c863432660c46c6d74
discrete_106,discrete_106,106,a1dac021c87e9c4412f25609d0800ead44386026cb8f4d16eb633631cac21725,True,OK,4443.8795415972345,239.47700528469156,488.82674957569577,2873.7240634162986,3362.5508129919945,False,95bb2c4de2b001760290a2c1546d3ba2f8c5dff07235a8a255b5f82df22bf730
discrete_107,discrete_107,107,4ba45bdb958b382a2e1f8501bfa0e35027d496b541919dcea0b01fd30e056edc,True,OK,4457.036131854227,239.47700528469156,490.273974503965,2873.7240634162986,3363.9980379202634,False,ef089f1dc67f6f4fbbcd47239e5c4076aa379551f6fa846be6a98b715c121bdc
discrete_108,discrete_108,108,495702c4d7b7f9a67eb3aea736789549318581ee2f22f8ebd930815da9b93bdd,True,OK,4471.754850565584,239.47700528469156,491.89303356221427,2873.7240634162986,3365.617096978513,False,854e728dac2d6ee57e0ad24aa75672986b9b05e0ae98c7ea22663be13864d123
discrete_109,discrete_109,109,4178be850676460ecae8a8415faa1478a89377d20d366140a20ea31d8f4e27b8,True,OK,4487.247977463,239.47700528469156,493.59727752093,2873.7240634162986,3367.3213409372283,False,493f64dd1babda1113447a172af42098dce202fcee3eb5132a53a78d384ccfd3
discrete_114,discrete_114,114,e6bd3ff9eb8c88e6e6f421b32ce5f91f6457c9a8e9833f60ef47a693e9a4d81a,True,OK,4371.431316053957,236.18214992180103,480.8574447659353,2834.185799061612,3315.0432438275475,True,6a34fb5651b086f854f4a56dba09fe3c40a6acb8888d0be748886c8169e95aa0
discrete_115,discrete_115,115,c306a40d93cc098cb3c477d317456aadfbfd456e733a0ceba2a8b7a61ea8feaa,True,OK,4392.6668934631925,236.18214992180103,483.1933582809512,2834.185799061612,3317.3791573425633,True,3bae6fc3842c38489e8788b174105ac34018040640151e1379cfc2f5c221cca3
discrete_116,discrete_116,116,c545a34066f71bd4cb717bbbd218603f8e4163cf99612500b8b02feab0c602c8,True,OK,4412.274373444905,236.18214992180103,485.3501810789396,2834.185799061612,3319.535980140552,True,714adae14ee792b519888e2fc1085369de3e9a300785e54c07d8401bd1bec212
discrete_117,discrete_117,117,b4c6648e1de71dc991ea33ea0e0c3d51d0e2ca758730cb12e199703bb90ed1c4,True,OK,4432.883423917335,236.18214992180103,487.6171766309068,2834.185799061612,3321.802975692519,True,6fb7c7fd8d3ef74fe00b6a6be95ad1d5a402dc915c989d1ffd42c7d2b42bb988
discrete_118,discrete_118,118,ffd986e22ea078fef968c67a60f0d8338855c7050cda1ad67bb2308f15f168ed,True,OK,4453.471631709716,238.21759294559777,489.8818794880688,2858.6111153471734,3348.4929948352424,True,4f6b2bc04142f49213f7dde5584f722a076e9f251fe969df90b62c2d8baf74a5
discrete_119,discrete_119,119,5f43d85f61e1f183781ada33ef58d7b0054017344f1352fa668eaac36d4982d1,True,OK,4466.614246251111,238.21759294559777,491.3275670876222,2858.6111153471734,3349.9386824347957,True,dd5f5485037f2acef5785d3076809fc1dd79d1dfbe09beb75d6b918e626d7aa1
discrete_120,discrete_120,120,b8f234059eee9dc031ad63fdf44842eb0daa87d0fa025ee01c74ab4343fb5550,True,OK,4481.321338517677,238.21759294559777,492.9453472369445,2858.6111153471734,3351.556462584118,True,9049b88baeb131f4c5ea5ffde9aeba2da6450843a7b209a293e4c71012c39e80
discrete_121,discrete_121,121,9a95b8d17a209e9cdc29f16a5f20cac390b845b4142accaadbdb5252037d7eec,True,OK,4496.804861240501,238.21759294559777,494.64853473645513,2858.6111153471734,3353.2596500836285,True,ecae14a4a909661657572826780598b7604eba7fb2d7b239b8333ec292d4cd60
discrete_126,discrete_126,126,2b50660f737f263661ae399e14f9afc92e695b86b3532b8d058561dd386d1822,True,OK,4380.356644401008,245.79754155069858,481.839230884111,2949.570498608383,3431.409729492494,True,d45d30b30415b674fcd6bb5c9cd8429504180d855c7ffe6bd10e5487bdfc2e60
discrete_127,discrete_127,127,0f38a9acca65fd4fde431ac198383d98625c4eabb7a1c5a9f53d41d6a361cdc3,True,OK,4401.567465998011,245.79754155069858,484.17242125978123,2949.570498608383,3433.742919868164,True,ee5c59edd366254df35e8077379f25727ab5560b75368511f218d67cad997d41
discrete_128,discrete_128,128,a447d4d2accb66959e521b13b0c346e8e1051033d9a5045cb40a702324ff9f3a,True,OK,4421.160465015823,245.79754155069858,486.32765115174055,2949.570498608383,3435.8981497601235,True,c4ea9e28e51a2ac991090c6caf5f346bb6705f552c2bfcbb1a8b7ff8f3e97dea
discrete_129,discrete_129,129,1500da285f75a72c3906505c1559e2414b8d3b6c44f16e51017775935208019c,True,OK,4441.757603226158,245.79754155069858,488.5933363548773,2949.570498608383,3438.1638349632603,True,1db87eac6d901f96451331c4fdd06bb4518fb5a2e9edf8b6b6eea5ab1ab0d44d
discrete_130,discrete_130,130,7f0a651de53f26a889ddacbaf984f188077527083d6ff12cb69263430c9097ce,True,OK,4460.162105696087,245.90521970688144,490.61783162656957,2950.8626364825773,3441.480468109147,True,5a25ed85175e63411f20a3bb77c14ac8b41c53d777dca4e08d8bf3f1253b7cec
discrete_131,discrete_131,131,e72df50362a0e6ad8cfd8ed968835fc778638e33ecc0df3ce2bcde8a384c82a2,True,OK,4473.294854569701,245.90521970688144,492.06243400266703,2950.8626364825773,3442.9250704852443,True,26c32a58705a7ec40b813701efd1d244ffa5af174462b007f905929100f4b7f2
discrete_132,discrete_132,132,b38caa3ea8a761c1d3ae46dc137ed771d190930ac52c48c424450e2bc632b0f5,True,OK,4487.993567567735,245.90521970688144,493.6792924324509,2950.8626364825773,3444.541928915028,True,1fdf8f0d3d492aa5aa1cffcca62af614d3786386e2d67f423a4db6865fe782a6
discrete_133,discrete_133,133,cdf2d68efdc5ac70fa609a3fc9f503df501a7db7b1831584efc86cf9f642ba92,True,OK,4503.47019031761,245.90521970688144,495.3817209349371,2950.8626364825773,3446.2443574175145,True,720b64b4367d15dc6af70d823fcd21849ba8255b7813dc6b5b6eaf02472e897f
discrete_138,discrete_138,138,1a14612b8071e99b87024994f3a998e546c1fed692aaf37f054ccd2869917105,True,OK,4388.374763775757,247.48244727542618,482.7212240153333,2969.789367305114,3452.510591320447,True,f5f42fc2b60a885a6d2cf23c5c4cf527f3ee9236f8b1ee2e4f7057cf9b7c93bb
discrete_139,discrete_139,139,9e825e20c37884c7e38cee50e6de2ff6039fbfc2f1fd9ae39772c0dc5d0ef4a6,True,OK,4409.560518514318,247.48244727542618,485.05165703657497,2969.789367305114,3454.841024341689,True,57ebc07f87b64d4cccc108a8f752fc4620cc61e7266b5632d037f9489c571282
discrete_140,discrete_140,140,fabd0f5cab054c4598fee20637573493393673bea2806c21b11f2b108536ee4c,True,OK,4429.139224602178,247.48244727542618,487.2053147062395,2969.789367305114,3456.9946820113537,True,2d924afe1742cb25e652e924e2bfbf3bbef51d6325e8dcf46a0a427ef3bbfb72
discrete_141,discrete_141,141,3f0d4d9c67f9d7d46b9ed04784e2d5edb7ce38f72605ec1bc1dfb1f3900700d0,True,OK,4449.724100891977,247.48244727542618,489.4696510981175,2969.789367305114,3459.2590184032315,True,bbc4b1fa461d6d6a0c41cb624f0dd3f27412cea95091dea69d75769d353e20cf
discrete_142,discrete_142,142,91508f3417e750808eedd520f4136199db4ba78946d9cda2a1ca49b461ea7a0a,True,OK,4466.2007113757245,247.164305605596,491.2820782513297,2965.971667267152,3457.253745518482,True,1ad91ab777e5cce1bd4a7d33dd4be0dc099e0a4f3a91e5c525c46468dcd0f773
discrete_143,discrete_143,143,ffffe9eada8527a24c428cc4405541474a9a77ccd70d1649271f53f8df63f5a9,True,OK,4479.323632980869,247.164305605596,492.7255996278956,2965.971667267152,3458.6972668950475,True,d3af3b7db657f3373af573ddb27b05fcfde023f98b548026dc42deff7509945e
discrete_144,discrete_144,144,8f441db4ec17c97e4316c7e2dfbe675761d17b11fd20fe94c7ebfca272fb1651,True,OK,4494.013865632058,247.164305605596,494.3415252195264,2965.971667267152,3460.3131924866784,True,fb7ecce354b76e321bb31427e70ebd18feb43b939d7f4c5d933b4f9bdbb2efa6
discrete_145,discrete_145,145,cfaaac41e01f156e8d02748cbcca47993d8ab017739f86b7165de3d918bb7ed6,True,OK,4509.483506431635,247.164305605596,496.0431857074799,2965.971667267152,3462.014852974632,True,525040fbe1f64cf64b2e9813404d1d301946484c4985c8f41e5f4eca4a380120
