day,panel,arm,step,mean_heating_f,zone_spread_f,school_start,school_end,recovery_begin_step,post_occupancy_extension_minutes
2025-12-15,incumbent (PRIMARY eval),incumbent,0,64.0,4.0,30,59,26,0
2025-12-15,incumbent (PRIMARY eval),incumbent,1,64.0,4.0,30,59,26,0
2025-12-15,incumbent (PRIMARY eval),incumbent,2,64.0,4.0,30,59,26,0
2025-12-15,incumbent (PRIMARY eval),incumbent,3,64.0,4.0,30,59,26,0
2025-12-15,incumbent (PRIMARY eval),incumbent,4,64.0,4.0,30,59,26,0
2025-12-15,incumbent (PRIMARY eval),incumbent,5,64.0,4.0,30,59,26,0
2025-12-15,incumbent (PRIMARY eval),incumbent,6,64.0,4.0,30,59,26,0
2025-12-15,incumbent (PRIMARY eval),incumbent,7,64.0,4.0,30,59,26,0
2025-12-15,incumbent (PRIMARY eval),incumbent,8,64.0,4.0,30,59,26,0
2025-12-15,incumbent (PRIMARY eval),incumbent,9,64.0,4.0,30,59,26,0
2025-12-15,incumbent (PRIMARY eval),incumbent,10,64.0,4.0,30,59,26,0
2025-12-15,incumbent (PRIMARY eval),incumbent,11,64.0,4.0,30,59,26,0
2025-12-15,incumbent (PRIMARY eval),incumbent,12,64.0,4.0,30,59,26,0
2025-12-15,incumbent (PRIMARY eval),incumbent,13,64.0,4.0,30,59,26,0
2025-12-15,incumbent (PRIMARY eval),incumbent,14,64.0,4.0,30,59,26,0
2025-12-15,incumbent (PRIMARY eval),incumbent,15,64.0,4.0,30,59,26,0
2025-12-15,incumbent (PRIMARY eval),incumbent,16,64.0,4.0,30,59,26,0
2025-12-15,incumbent (PRIMARY eval),incumbent,17,64.0,4.0,30,59,26,0
2025-12-15,incumbent (PRIMARY eval),incumbent,18,64.0,4.0,30,59,26,0
2025-12-15,incumbent (PRIMARY eval),incumbent,19,64.0,4.0,30,59,26,0
2025-12-15,incumbent (PRIMARY eval),incumbent,20,64.0,4.0,30,59,26,0
2025-12-15,incumbent (PRIMARY eval),incumbent,21,64.0,4.0,30,59,26,0
2025-12-15,incumbent (PRIMARY eval),incumbent,22,64.0,4.0,30,59,26,0
2025-12-15,incumbent (PRIMARY eval),incumbent,23,64.0,4.0,30,59,26,0
2025-12-15,incumbent (PRIMARY eval),incumbent,24,64.0,4.0,30,59,26,0
2025-12-15,incumbent (PRIMARY eval),incumbent,25,64.0,4.0,30,59,26,0
2025-12-15,incumbent (PRIMARY eval),incumbent,26,65.0,4.0,30,59,26,0
2025-12-15,incumbent (PRIMARY eval),incumbent,27,66.0,4.0,30,59,26,0
2025-12-15,incumbent (PRIMARY eval),incumbent,28,67.0,4.0,30,59,26,0
2025-12-15,incumbent (PRIMARY eval),incumbent,29,68.0,4.0,30,59,26,0
2025-12-15,incumbent (PRIMARY eval),incumbent,30,68.0,4.0,30,59,26,0
2025-12-15,incumbent (PRIMARY eval),incumbent,31,68.0,4.0,30,59,26,0
2025-12-15,incumbent (PRIMARY eval),incumbent,32,68.0,4.0,30,59,26,0
2025-12-15,incumbent (PRIMARY eval),incumbent,33,68.0,4.0,30,59,26,0
2025-12-15,incumbent (PRIMARY eval),incumbent,34,68.0,4.0,30,59,26,0
2025-12-15,incumbent (PRIMARY eval),incumbent,35,68.0,4.0,30,59,26,0
2025-12-15,incumbent (PRIMARY eval),incumbent,36,68.0,4.0,30,59,26,0
2025-12-15,incumbent (PRIMARY eval),incumbent,37,68.0,4.0,30,59,26,0
2025-12-15,incumbent (PRIMARY eval),incumbent,38,68.0,4.0,30,59,26,0
2025-12-15,incumbent (PRIMARY eval),incumbent,39,68.0,4.0,30,59,26,0
2025-12-15,incumbent (PRIMARY eval),incumbent,40,68.0,4.0,30,59,26,0
2025-12-15,incumbent (PRIMARY eval),incumbent,41,68.0,4.0,30,59,26,0
2025-12-15,incumbent (PRIMARY eval),incumbent,42,68.0,4.0,30,59,26,0
2025-12-15,incumbent (PRIMARY eval),incumbent,43,68.0,4.0,30,59,26,0
2025-12-15,incumbent (PRIMARY eval),incumbent,44,68.0,4.0,30,59,26,0
2025-12-15,incumbent (PRIMARY eval),incumbent,45,68.0,4.0,30,59,26,0
2025-12-15,incumbent (PRIMARY eval),incumbent,46,68.0,4.0,30,59,26,0
2025-12-15,incumbent (PRIMARY eval),incumbent,47,68.0,4.0,30,59,26,0
2025-12-15,incumbent (PRIMARY eval),incumbent,48,68.0,4.0,30,59,26,0
2025-12-15,incumbent (PRIMARY eval),incumbent,49,68.0,4.0,30,59,26,0
2025-12-15,incumbent (PRIMARY eval),incumbent,50,68.0,4.0,30,59,26,0
2025-12-15,incumbent (PRIMARY eval),incumbent,51,68.0,4.0,30,59,26,0
2025-12-15,incumbent (PRIMARY eval),incumbent,52,68.0,4.0,30,59,26,0
2025-12-15,incumbent (PRIMARY eval),incumbent,53,68.0,4.0,30,59,26,0
2025-12-15,incumbent (PRIMARY eval),incumbent,54,68.0,4.0,30,59,26,0
2025-12-15,incumbent (PRIMARY eval),incumbent,55,68.0,4.0,30,59,26,0
2025-12-15,incumbent (PRIMARY eval),incumbent,56,68.0,4.0,30,59,26,0
2025-12-15,incumbent (PRIMARY eval),incumbent,57,68.0,4.0,30,59,26,0
2025-12-15,incumbent (PRIMARY eval),incumbent,58,68.0,4.0,30,59,26,0
2025-12-15,incumbent (PRIMARY eval),incumbent,59,64.0,4.0,30,59,26,0
2025-12-15,incumbent (PRIMARY eval),incumbent,60,64.0,4.0,30,59,26,0
2025-12-15,incumbent (PRIMARY eval),incumbent,61,64.0,4.0,30,59,26,0
2025-12-15,incumbent (PRIMARY eval),incumbent,62,64.0,4.0,30,59,26,0
2025-12-15,incumbent (PRIMARY eval),incumbent,63,64.0,4.0,30,59,26,0
2025-12-15,incumbent (PRIMARY eval),incumbent,64,64.0,4.0,30,59,26,0
2025-12-15,incumbent (PRIMARY eval),incumbent,65,64.0,4.0,30,59,26,0
2025-12-15,incumbent (PRIMARY eval),incumbent,66,64.0,4.0,30,59,26,0
2025-12-15,incumbent (PRIMARY eval),incumbent,67,64.0,4.0,30,59,26,0
2025-12-15,incumbent (PRIMARY eval),incumbent,68,64.0,4.0,30,59,26,0
2025-12-15,incumbent (PRIMARY eval),incumbent,69,64.0,4.0,30,59,26,0
2025-12-15,incumbent (PRIMARY eval),incumbent,70,64.0,4.0,30,59,26,0
2025-12-15,incumbent (PRIMARY eval),incumbent,71,64.0,4.0,30,59,26,0
2025-12-15,incumbent (PRIMARY eval),incumbent,72,64.0,4.0,30,59,26,0
2025-12-15,incumbent (PRIMARY eval),incumbent,73,64.0,4.0,30,59,26,0
2025-12-15,incumbent (PRIMARY eval),incumbent,74,64.0,4.0,30,59,26,0
2025-12-15,incumbent (PRIMARY eval),incumbent,75,64.0,4.0,30,59,26,0
2025-12-15,incumbent (PRIMARY eval),incumbent,76,64.0,4.0,30,59,26,0
2025-12-15,incumbent (PRIMARY eval),incumbent,77,64.0,4.0,30,59,26,0
2025-12-15,incumbent (PRIMARY eval),incumbent,78,64.0,4.0,30,59,26,0
2025-12-15,incumbent (PRIMARY eval),incumbent,79,64.0,4.0,30,59,26,0
2025-12-15,incumbent (PRIMARY eval),incumbent,80,64.0,4.0,30,59,26,0
2025-12-15,incumbent (PRIMARY eval),incumbent,81,64.0,4.0,30,59,26,0
2025-12-15,incumbent (PRIMARY eval),incumbent,82,64.0,4.0,30,59,26,0
2025-12-15,incumbent (PRIMARY eval),incumbent,83,64.0,4.0,30,59,26,0
2025-12-15,incumbent (PRIMARY eval),incumbent,84,64.0,4.0,30,59,26,0
2025-12-15,incumbent (PRIMARY eval),incumbent,85,64.0,4.0,30,59,26,0
2025-12-15,incumbent (PRIMARY eval),incumbent,86,64.0,4.0,30,59,26,0
2025-12-15,incumbent (PRIMARY eval),incumbent,87,64.0,4.0,30,59,26,0
2025-12-15,incumbent (PRIMARY eval),incumbent,88,64.0,4.0,30,59,26,0
2025-12-15,incumbent (PRIMARY eval),incumbent,89,64.0,4.0,30,59,26,0
2025-12-15,incumbent (PRIMARY eval),incumbent,90,64.0,4.0,30,59,26,0
2025-12-15,incumbent (PRIMARY eval),incumbent,91,64.0,4.0,30,59,26,0
2025-12-15,incumbent (PRIMARY eval),incumbent,92,64.0,4.0,30,59,26,0
2025-12-15,incumbent (PRIMARY eval),incumbent,93,64.0,4.0,30,59,26,0
2025-12-15,incumbent (PRIMARY eval),incumbent,94,64.0,4.0,30,59,26,0
2025-12-15,incumbent (PRIMARY eval),incumbent,95,64.0,4.0,30,59,26,0
2025-12-15,PRIMARY validation leader,trained_ppo_seed0,0,60.27336666666667,12.0,30,59,18,0
2025-12-15,PRIMARY validation leader,trained_ppo_seed0,1,60.27336666666667,12.0,30,59,18,0
2025-12-15,PRIMARY validation leader,trained_ppo_seed0,2,60.27336666666667,12.0,30,59,18,0
2025-12-15,PRIMARY validation leader,trained_ppo_seed0,3,60.27336666666667,12.0,30,59,18,0
2025-12-15,PRIMARY validation leader,trained_ppo_seed0,4,60.27336666666667,12.0,30,59,18,0
2025-12-15,PRIMARY validation leader,trained_ppo_seed0,5,60.27336666666667,12.0,30,59,18,0
2025-12-15,PRIMARY validation leader,trained_ppo_seed0,6,60.27336666666667,12.0,30,59,18,0
2025-12-15,PRIMARY validation leader,trained_ppo_seed0,7,60.27336666666667,12.0,30,59,18,0
2025-12-15,PRIMARY validation leader,trained_ppo_seed0,8,60.27336666666667,12.0,30,59,18,0
2025-12-15,PRIMARY validation leader,trained_ppo_seed0,9,60.27336666666667,12.0,30,59,18,0
2025-12-15,PRIMARY validation leader,trained_ppo_seed0,10,60.27336666666667,12.0,30,59,18,0
2025-12-15,PRIMARY validation leader,trained_ppo_seed0,11,60.27336666666667,12.0,30,59,18,0
2025-12-15,PRIMARY validation leader,trained_ppo_seed0,12,60.27336666666667,12.0,30,59,18,0
2025-12-15,PRIMARY validation leader,trained_ppo_seed0,13,60.27336666666667,12.0,30,59,18,0
2025-12-15,PRIMARY validation leader,trained_ppo_seed0,14,60.27336666666667,12.0,30,59,18,0
2025-12-15,PRIMARY validation leader,trained_ppo_seed0,15,60.27336666666667,12.0,30,59,18,0
2025-12-15,PRIMARY validation leader,trained_ppo_seed0,16,60.27336666666667,12.0,30,59,18,0
2025-12-15,PRIMARY validation leader,trained_ppo_seed0,17,60.27336666666667,12.0,30,59,18,0
2025-12-15,PRIMARY validation leader,trained_ppo_seed0,18,61.25058333333333,12.0,30,59,18,0
2025-12-15,PRIMARY validation leader,trained_ppo_seed0,19,62.2278,12.0,30,59,18,0
2025-12-15,PRIMARY validation leader,trained_ppo_seed0,20,63.205016666666666,12.0,30,59,18,0
2025-12-15,PRIMARY validation leader,trained_ppo_seed0,21,64.18225,12.0,30,59,18,0
2025-12-15,PRIMARY validation leader,trained_ppo_seed0,22,65.15945,12.0,30,59,18,0
2025-12-15,PRIMARY validation leader,trained_ppo_seed0,23,66.13668333333334,12.0,30,59,18,0
2025-12-15,PRIMARY validation leader,trained_ppo_seed0,24,67.1139,12.0,30,59,18,0
2025-12-15,PRIMARY validation leader,trained_ppo_seed0,25,68.09111666666666,12.0,30,59,18,0
2025-12-15,PRIMARY validation leader,trained_ppo_seed0,26,69.06833333333333,12.0,30,59,18,0
2025-12-15,PRIMARY validation leader,trained_ppo_seed0,27,70.04556666666666,12.0,30,59,18,0
2025-12-15,PRIMARY validation leader,trained_ppo_seed0,28,71.02276666666667,12.0,30,59,18,0
2025-12-15,PRIMARY validation leader,trained_ppo_seed0,29,72.0,12.0,30,59,18,0
2025-12-15,PRIMARY validation leader,trained_ppo_seed0,30,72.0,12.0,30,59,18,0
2025-12-15,PRIMARY validation leader,trained_ppo_seed0,31,72.0,12.0,30,59,18,0
2025-12-15,PRIMARY validation leader,trained_ppo_seed0,32,72.0,12.0,30,59,18,0
2025-12-15,PRIMARY validation leader,trained_ppo_seed0,33,72.0,12.0,30,59,18,0
2025-12-15,PRIMARY validation leader,trained_ppo_seed0,34,72.0,12.0,30,59,18,0
2025-12-15,PRIMARY validation leader,trained_ppo_seed0,35,72.0,12.0,30,59,18,0
2025-12-15,PRIMARY validation leader,trained_ppo_seed0,36,72.0,12.0,30,59,18,0
2025-12-15,PRIMARY validation leader,trained_ppo_seed0,37,72.0,12.0,30,59,18,0
2025-12-15,PRIMARY validation leader,trained_ppo_seed0,38,72.0,12.0,30,59,18,0
2025-12-15,PRIMARY validation leader,trained_ppo_seed0,39,72.0,12.0,30,59,18,0
2025-12-15,PRIMARY validation leader,trained_ppo_seed0,40,72.0,12.0,30,59,18,0
2025-12-15,PRIMARY validation leader,trained_ppo_seed0,41,72.0,12.0,30,59,18,0
2025-12-15,PRIMARY validation leader,trained_ppo_seed0,42,72.0,12.0,30,59,18,0
2025-12-15,PRIMARY validation leader,trained_ppo_seed0,43,72.0,12.0,30,59,18,0
2025-12-15,PRIMARY validation leader,trained_ppo_seed0,44,72.0,12.0,30,59,18,0
2025-12-15,PRIMARY validation leader,trained_ppo_seed0,45,72.0,12.0,30,59,18,0
2025-12-15,PRIMARY validation leader,trained_ppo_seed0,46,72.0,12.0,30,59,18,0
2025-12-15,PRIMARY validation leader,trained_ppo_seed0,47,72.0,12.0,30,59,18,0
2025-12-15,PRIMARY validation leader,trained_ppo_seed0,48,72.0,12.0,30,59,18,0
2025-12-15,PRIMARY validation leader,trained_ppo_seed0,49,72.0,12.0,30,59,18,0
2025-12-15,PRIMARY validation leader,trained_ppo_seed0,50,72.0,12.0,30,59,18,0
2025-12-15,PRIMARY validation leader,trained_ppo_seed0,51,72.0,12.0,30,59,18,0
2025-12-15,PRIMARY validation leader,trained_ppo_seed0,52,72.0,12.0,30,59,18,0
2025-12-15,PRIMARY validation leader,trained_ppo_seed0,53,72.0,12.0,30,59,18,0
2025-12-15,PRIMARY validation leader,trained_ppo_seed0,54,72.0,12.0,30,59,18,0
2025-12-15,PRIMARY validation leader,trained_ppo_seed0,55,72.0,12.0,30,59,18,0
2025-12-15,PRIMARY validation leader,trained_ppo_seed0,56,72.0,12.0,30,59,18,0
2025-12-15,PRIMARY validation leader,trained_ppo_seed0,57,72.0,12.0,30,59,18,0
2025-12-15,PRIMARY validation leader,trained_ppo_seed0,58,72.0,12.0,30,59,18,0
2025-12-15,PRIMARY validation leader,trained_ppo_seed0,59,60.27336666666667,12.0,30,59,18,0
2025-12-15,PRIMARY validation leader,trained_ppo_seed0,60,60.27336666666667,12.0,30,59,18,0
2025-12-15,PRIMARY validation leader,trained_ppo_seed0,61,60.27336666666667,12.0,30,59,18,0
2025-12-15,PRIMARY validation leader,trained_ppo_seed0,62,60.27336666666667,12.0,30,59,18,0
2025-12-15,PRIMARY validation leader,trained_ppo_seed0,63,60.27336666666667,12.0,30,59,18,0
2025-12-15,PRIMARY validation leader,trained_ppo_seed0,64,60.27336666666667,12.0,30,59,18,0
2025-12-15,PRIMARY validation leader,trained_ppo_seed0,65,60.27336666666667,12.0,30,59,18,0
2025-12-15,PRIMARY validation leader,trained_ppo_seed0,66,60.27336666666667,12.0,30,59,18,0
2025-12-15,PRIMARY validation leader,trained_ppo_seed0,67,60.27336666666667,12.0,30,59,18,0
2025-12-15,PRIMARY validation leader,trained_ppo_seed0,68,60.27336666666667,12.0,30,59,18,0
2025-12-15,PRIMARY validation leader,trained_ppo_seed0,69,60.27336666666667,12.0,30,59,18,0
2025-12-15,PRIMARY validation leader,trained_ppo_seed0,70,60.27336666666667,12.0,30,59,18,0
2025-12-15,PRIMARY validation leader,trained_ppo_seed0,71,60.27336666666667,12.0,30,59,18,0
2025-12-15,PRIMARY validation leader,trained_ppo_seed0,72,60.27336666666667,12.0,30,59,18,0
2025-12-15,PRIMARY validation leader,trained_ppo_seed0,73,60.27336666666667,12.0,30,59,18,0
2025-12-15,PRIMARY validation leader,trained_ppo_seed0,74,60.27336666666667,12.0,30,59,18,0
2025-12-15,PRIMARY validation leader,trained_ppo_seed0,75,60.27336666666667,12.0,30,59,18,0
2025-12-15,PRIMARY validation leader,trained_ppo_seed0,76,60.27336666666667,12.0,30,59,18,0
2025-12-15,PRIMARY validation leader,trained_ppo_seed0,77,60.27336666666667,12.0,30,59,18,0
2025-12-15,PRIMARY validation leader,trained_ppo_seed0,78,60.27336666666667,12.0,30,59,18,0
2025-12-15,PRIMARY validation leader,trained_ppo_seed0,79,60.27336666666667,12.0,30,59,18,0
2025-12-15,PRIMARY validation leader,trained_ppo_seed0,80,60.27336666666667,12.0,30,59,18,0
2025-12-15,PRIMARY validation leader,trained_ppo_seed0,81,60.27336666666667,12.0,30,59,18,0
2025-12-15,PRIMARY validation leader,trained_ppo_seed0,82,60.27336666666667,12.0,30,59,18,0
2025-12-15,PRIMARY validation leader,trained_ppo_seed0,83,60.27336666666667,12.0,30,59,18,0
2025-12-15,PRIMARY validation leader,trained_ppo_seed0,84,60.27336666666667,12.0,30,59,18,0
2025-12-15,PRIMARY validation leader,trained_ppo_seed0,85,60.27336666666667,12.0,30,59,18,0
2025-12-15,PRIMARY validation leader,trained_ppo_seed0,86,60.27336666666667,12.0,30,59,18,0
2025-12-15,PRIMARY validation leader,trained_ppo_seed0,87,60.27336666666667,12.0,30,59,18,0
2025-12-15,PRIMARY validation leader,trained_ppo_seed0,88,60.27336666666667,12.0,30,59,18,0
2025-12-15,PRIMARY validation leader,trained_ppo_seed0,89,60.27336666666667,12.0,30,59,18,0
2025-12-15,PRIMARY validation leader,trained_ppo_seed0,90,60.27336666666667,12.0,30,59,18,0
2025-12-15,PRIMARY validation leader,trained_ppo_seed0,91,60.27336666666667,12.0,30,59,18,0
2025-12-15,PRIMARY validation leader,trained_ppo_seed0,92,60.27336666666667,12.0,30,59,18,0
2025-12-15,PRIMARY validation leader,trained_ppo_seed0,93,60.27336666666667,12.0,30,59,18,0
2025-12-15,PRIMARY validation leader,trained_ppo_seed0,94,60.27336666666667,12.0,30,59,18,0
2025-12-15,PRIMARY validation leader,trained_ppo_seed0,95,60.27336666666667,12.0,30,59,18,0
2025-12-15,SECONDARY validation leader,trained_dqn_seed1,0,65.0,5.0,30,59,22,120
2025-12-15,SECONDARY validation leader,trained_dqn_seed1,1,65.0,5.0,30,59,22,120
2025-12-15,SECONDARY validation leader,trained_dqn_seed1,2,65.0,5.0,30,59,22,120
2025-12-15,SECONDARY validation leader,trained_dqn_seed1,3,65.0,5.0,30,59,22,120
2025-12-15,SECONDARY validation leader,trained_dqn_seed1,4,65.0,5.0,30,59,22,120
2025-12-15,SECONDARY validation leader,trained_dqn_seed1,5,65.0,5.0,30,59,22,120
2025-12-15,SECONDARY validation leader,trained_dqn_seed1,6,65.0,5.0,30,59,22,120
2025-12-15,SECONDARY validation leader,trained_dqn_seed1,7,65.0,5.0,30,59,22,120
2025-12-15,SECONDARY validation leader,trained_dqn_seed1,8,65.0,5.0,30,59,22,120
2025-12-15,SECONDARY validation leader,trained_dqn_seed1,9,65.0,5.0,30,59,22,120
2025-12-15,SECONDARY validation leader,trained_dqn_seed1,10,65.0,5.0,30,59,22,120
2025-12-15,SECONDARY validation leader,trained_dqn_seed1,11,65.0,5.0,30,59,22,120
2025-12-15,SECONDARY validation leader,trained_dqn_seed1,12,65.0,5.0,30,59,22,120
2025-12-15,SECONDARY validation leader,trained_dqn_seed1,13,65.0,5.0,30,59,22,120
2025-12-15,SECONDARY validation leader,trained_dqn_seed1,14,65.0,5.0,30,59,22,120
2025-12-15,SECONDARY validation leader,trained_dqn_seed1,15,65.0,5.0,30,59,22,120
2025-12-15,SECONDARY validation leader,trained_dqn_seed1,16,65.0,5.0,30,59,22,120
2025-12-15,SECONDARY validation leader,trained_dqn_seed1,17,65.0,5.0,30,59,22,120
2025-12-15,SECONDARY validation leader,trained_dqn_seed1,18,65.0,5.0,30,59,22,120
2025-12-15,SECONDARY validation leader,trained_dqn_seed1,19,65.0,5.0,30,59,22,120
2025-12-15,SECONDARY validation leader,trained_dqn_seed1,20,65.0,5.0,30,59,22,120
2025-12-15,SECONDARY validation leader,trained_dqn_seed1,21,65.0,5.0,30,59,22,120
2025-12-15,SECONDARY validation leader,trained_dqn_seed1,22,65.625,5.0,30,59,22,120
2025-12-15,SECONDARY validation leader,trained_dqn_seed1,23,66.25,5.0,30,59,22,120
2025-12-15,SECONDARY validation leader,trained_dqn_seed1,24,66.875,5.0,30,59,22,120
2025-12-15,SECONDARY validation leader,trained_dqn_seed1,25,67.5,5.0,30,59,22,120
2025-12-15,SECONDARY validation leader,trained_dqn_seed1,26,68.125,5.0,30,59,22,120
2025-12-15,SECONDARY validation leader,trained_dqn_seed1,27,68.75,5.0,30,59,22,120
2025-12-15,SECONDARY validation leader,trained_dqn_seed1,28,69.375,5.0,30,59,22,120
2025-12-15,SECONDARY validation leader,trained_dqn_seed1,29,70.0,5.0,30,59,22,120
2025-12-15,SECONDARY validation leader,trained_dqn_seed1,30,70.0,5.0,30,59,22,120
2025-12-15,SECONDARY validation leader,trained_dqn_seed1,31,70.0,5.0,30,59,22,120
2025-12-15,SECONDARY validation leader,trained_dqn_seed1,32,70.0,5.0,30,59,22,120
2025-12-15,SECONDARY validation leader,trained_dqn_seed1,33,70.0,5.0,30,59,22,120
2025-12-15,SECONDARY validation leader,trained_dqn_seed1,34,70.0,5.0,30,59,22,120
2025-12-15,SECONDARY validation leader,trained_dqn_seed1,35,70.0,5.0,30,59,22,120
2025-12-15,SECONDARY validation leader,trained_dqn_seed1,36,70.0,5.0,30,59,22,120
2025-12-15,SECONDARY validation leader,trained_dqn_seed1,37,70.0,5.0,30,59,22,120
2025-12-15,SECONDARY validation leader,trained_dqn_seed1,38,70.0,5.0,30,59,22,120
2025-12-15,SECONDARY validation leader,trained_dqn_seed1,39,70.0,5.0,30,59,22,120
2025-12-15,SECONDARY validation leader,trained_dqn_seed1,40,70.0,5.0,30,59,22,120
2025-12-15,SECONDARY validation leader,trained_dqn_seed1,41,70.0,5.0,30,59,22,120
2025-12-15,SECONDARY validation leader,trained_dqn_seed1,42,70.0,5.0,30,59,22,120
2025-12-15,SECONDARY validation leader,trained_dqn_seed1,43,70.0,5.0,30,59,22,120
2025-12-15,SECONDARY validation leader,trained_dqn_seed1,44,70.0,5.0,30,59,22,120
2025-12-15,SECONDARY validation leader,trained_dqn_seed1,45,70.0,5.0,30,59,22,120
2025-12-15,SECONDARY validation leader,trained_dqn_seed1,46,70.0,5.0,30,59,22,120
2025-12-15,SECONDARY validation leader,trained_dqn_seed1,47,70.0,5.0,30,59,22,120
2025-12-15,SECONDARY validation leader,trained_dqn_seed1,48,70.0,5.0,30,59,22,120
2025-12-15,SECONDARY validation leader,trained_dqn_seed1,49,70.0,5.0,30,59,22,120
2025-12-15,SECONDARY validation leader,trained_dqn_seed1,50,70.0,5.0,30,59,22,120
2025-12-15,SECONDARY validation leader,trained_dqn_seed1,51,70.0,5.0,30,59,22,120
2025-12-15,SECONDARY validation leader,trained_dqn_seed1,52,70.0,5.0,30,59,22,120
2025-12-15,SECONDARY validation leader,trained_dqn_seed1,53,70.0,5.0,30,59,22,120
2025-12-15,SECONDARY validation leader,trained_dqn_seed1,54,70.0,5.0,30,59,22,120
2025-12-15,SECONDARY validation leader,trained_dqn_seed1,55,70.0,5.0,30,59,22,120
2025-12-15,SECONDARY validation leader,trained_dqn_seed1,56,70.0,5.0,30,59,22,120
2025-12-15,SECONDARY validation leader,trained_dqn_seed1,57,70.0,5.0,30,59,22,120
2025-12-15,SECONDARY validation leader,trained_dqn_seed1,58,70.0,5.0,30,59,22,120
2025-12-15,SECONDARY validation leader,trained_dqn_seed1,59,70.0,5.0,30,59,22,120
2025-12-15,SECONDARY validation leader,trained_dqn_seed1,60,70.0,5.0,30,59,22,120
2025-12-15,SECONDARY validation leader,trained_dqn_seed1,61,70.0,5.0,30,59,22,120
2025-12-15,SECONDARY validation leader,trained_dqn_seed1,62,70.0,5.0,30,59,22,120
2025-12-15,SECONDARY validation leader,trained_dqn_seed1,63,70.0,5.0,30,59,22,120
2025-12-15,SECONDARY validation leader,trained_dqn_seed1,64,70.0,5.0,30,59,22,120
2025-12-15,SECONDARY validation leader,trained_dqn_seed1,65,70.0,5.0,30,59,22,120
2025-12-15,SECONDARY validation leader,trained_dqn_seed1,66,70.0,5.0,30,59,22,120
2025-12-15,SECONDARY validation leader,trained_dqn_seed1,67,65.0,5.0,30,59,22,120
2025-12-15,SECONDARY validation leader,trained_dqn_seed1,68,65.0,5.0,30,59,22,120
2025-12-15,SECONDARY validation leader,trained_dqn_seed1,69,65.0,5.0,30,59,22,120
2025-12-15,SECONDARY validation leader,trained_dqn_seed1,70,65.0,5.0,30,59,22,120
2025-12-15,SECONDARY validation leader,trained_dqn_seed1,71,65.0,5.0,30,59,22,120
2025-12-15,SECONDARY validation leader,trained_dqn_seed1,72,65.0,5.0,30,59,22,120
2025-12-15,SECONDARY validation leader,trained_dqn_seed1,73,65.0,5.0,30,59,22,120
2025-12-15,SECONDARY validation leader,trained_dqn_seed1,74,65.0,5.0,30,59,22,120
2025-12-15,SECONDARY validation leader,trained_dqn_seed1,75,65.0,5.0,30,59,22,120
2025-12-15,SECONDARY validation leader,trained_dqn_seed1,76,65.0,5.0,30,59,22,120
2025-12-15,SECONDARY validation leader,trained_dqn_seed1,77,65.0,5.0,30,59,22,120
2025-12-15,SECONDARY validation leader,trained_dqn_seed1,78,65.0,5.0,30,59,22,120
2025-12-15,SECONDARY validation leader,trained_dqn_seed1,79,65.0,5.0,30,59,22,120
2025-12-15,SECONDARY validation leader,trained_dqn_seed1,80,65.0,5.0,30,59,22,120
2025-12-15,SECONDARY validation leader,trained_dqn_seed1,81,65.0,5.0,30,59,22,120
2025-12-15,SECONDARY validation leader,trained_dqn_seed1,82,65.0,5.0,30,59,22,120
2025-12-15,SECONDARY validation leader,trained_dqn_seed1,83,65.0,5.0,30,59,22,120
2025-12-15,SECONDARY validation leader,trained_dqn_seed1,84,65.0,5.0,30,59,22,120
2025-12-15,SECONDARY validation leader,trained_dqn_seed1,85,65.0,5.0,30,59,22,120
2025-12-15,SECONDARY validation leader,trained_dqn_seed1,86,65.0,5.0,30,59,22,120
2025-12-15,SECONDARY validation leader,trained_dqn_seed1,87,65.0,5.0,30,59,22,120
2025-12-15,SECONDARY validation leader,trained_dqn_seed1,88,65.0,5.0,30,59,22,120
2025-12-15,SECONDARY validation leader,trained_dqn_seed1,89,65.0,5.0,30,59,22,120
2025-12-15,SECONDARY validation leader,trained_dqn_seed1,90,65.0,5.0,30,59,22,120
2025-12-15,SECONDARY validation leader,trained_dqn_seed1,91,65.0,5.0,30,59,22,120
2025-12-15,SECONDARY validation leader,trained_dqn_seed1,92,65.0,5.0,30,59,22,120
2025-12-15,SECONDARY validation leader,trained_dqn_seed1,93,65.0,5.0,30,59,22,120
2025-12-15,SECONDARY validation leader,trained_dqn_seed1,94,65.0,5.0,30,59,22,120
2025-12-15,SECONDARY validation leader,trained_dqn_seed1,95,65.0,5.0,30,59,22,120
