iteration,run_id,stage,parameter_family,nmbe_pct,cvrmse_pct,tuning_nmbe_pct,tuning_cvrmse_pct,objective,admitted,sat_setpoint_c,idf_sha256,epw_sha256
1,R01,baseline,baseline,-4.127758586591143,22.357263224950984,1.33349632147746,17.856469324439576,1.4882551497297638,True,14.4,4e8e6e2733d5147ae815b6ce23ebc22133efb82beed0af6fd728cc1b3aa285a4,19f3ceab3600d49d96e4e9c410a176aa8efbc61e87b807211bad4eb55a1e7db5
2,R02,sat_ladder,sat_setpoint+setpoints,37.0917156447683,46.06147932145939,38.994802365145844,47.69928968868109,70.93588329011455,True,16.0,bed7f3aae9db38d5d58ef4e3c36ae3d35fd6aa295cb94cb228f8c5c6c847b1d2,19f3ceab3600d49d96e4e9c410a176aa8efbc61e87b807211bad4eb55a1e7db5
3,R03,sat_ladder,sat_setpoint+setpoints,42.28397095197564,50.27802996957312,43.749213969323236,51.68509216322233,88.43241003699305,True,17.5,76e8bd060738fec21260c5c7d4e26e5a777a6e437f4285b8c4930fc751e87ca1,19f3ceab3600d49d96e4e9c410a176aa8efbc61e87b807211bad4eb55a1e7db5
4,R04,sat_ladder,sat_setpoint+setpoints,44.205272061925676,52.032663806792186,45.575652575809094,53.35420791527046,95.73747765183822,True,18.5,1865bd9ae5698ddad0e00aeab5e9070bb0b92f619fa33e48fa7bdf670113b469,19f3ceab3600d49d96e4e9c410a176aa8efbc61e87b807211bad4eb55a1e7db5
5,R05,sat_ladder,sat_setpoint+setpoints,44.785555336376504,52.65986202859496,46.144330282455414,53.954794648988155,98.11027920249539,True,19.0,c4a4616edebbfff841438b3fb3ca1a83979bb00f09d8f80047bb768a01479c50,19f3ceab3600d49d96e4e9c410a176aa8efbc61e87b807211bad4eb55a1e7db5
6,R06,sat_ladder,sat_setpoint+setpoints,45.3047146428042,53.20671252301523,46.623593357393204,54.4704495906436,100.13717776269725,True,19.5,b8521e015b199aabfe06d037d9648df76274b7da4844f02bb4f7d5ea98e35dfc,19f3ceab3600d49d96e4e9c410a176aa8efbc61e87b807211bad4eb55a1e7db5
7,R07,zone_setpoints,setpoints,30.21244307629146,39.761221022201916,33.21699193096439,41.647195463796564,51.843581628779816,True,14.4,4142c88da628eeaeb2ec705fdc0b35e353a78385fa5d256b2b4c54e91d59393d,19f3ceab3600d49d96e4e9c410a176aa8efbc61e87b807211bad4eb55a1e7db5
8,R08,zone_setpoints,setpoints,-4.127758586591143,22.357263224950984,1.33349632147746,17.856469324439576,1.4882551497297638,True,14.4,4e8e6e2733d5147ae815b6ce23ebc22133efb82beed0af6fd728cc1b3aa285a4,19f3ceab3600d49d96e4e9c410a176aa8efbc61e87b807211bad4eb55a1e7db5
9,R09,zone_setpoints,setpoints,39.04601298867038,45.808723469269076,40.50094446707351,47.290240928808025,75.55246849613093,True,14.4,bad748d083d67a2beca923358126bc566a54b2c96d9a2df7a0bc75e277f9cde6,19f3ceab3600d49d96e4e9c410a176aa8efbc61e87b807211bad4eb55a1e7db5
10,R10,zone_setpoints,setpoints,10.482932036296258,28.59707935500918,16.127757712358257,27.632958662728107,13.797873439612541,True,14.4,9fb1224760d1337cb66ff17942f9687f3bc2defba62479c5fd5da40dfe4cd77b,19f3ceab3600d49d96e4e9c410a176aa8efbc61e87b807211bad4eb55a1e7db5
11,R11,outdoor_air,outdoor_air,-3.8641409449160338,22.3138668692194,1.6730066916261677,17.81571555287281,1.522623480768478,True,14.4,e09c198ada47b5577e5edbab670dee50f26572f891c3ea1732d581974a6cfa4e,19f3ceab3600d49d96e4e9c410a176aa8efbc61e87b807211bad4eb55a1e7db5
12,R12,outdoor_air,outdoor_air,-4.019757961130719,22.345943840407365,1.4593880514094424,17.83806160040992,1.499398946761728,True,14.4,d6bb96b7774761b2101c5db108f5e425c17e85a2ebe0784e5565e5294b014f7c,19f3ceab3600d49d96e4e9c410a176aa8efbc61e87b807211bad4eb55a1e7db5
13,R13,outdoor_air,outdoor_air,-4.265560370716031,22.38369795412494,1.168283520201207,17.897822740498373,1.4782934946776187,True,14.4,123745061a84d7d6bc21aa7c7082a85fd0388cd7c38680250b06db9bc901cdfa,19f3ceab3600d49d96e4e9c410a176aa8efbc61e87b807211bad4eb55a1e7db5
14,R14,outdoor_air,outdoor_air,-4.347150293124802,22.397119853928405,1.0763749724493772,17.91905732192534,1.4734216135034877,True,14.4,2b8827212fd8edb6880733cba0021375cd384e4f1c590484574abe6f395d03c1,19f3ceab3600d49d96e4e9c410a176aa8efbc61e87b807211bad4eb55a1e7db5
15,R15,cooling_rating,cooling,-4.127758586591143,22.357263224950984,1.33349632147746,17.856469324439576,1.4882551497297638,True,14.4,4e8e6e2733d5147ae815b6ce23ebc22133efb82beed0af6fd728cc1b3aa285a4,19f3ceab3600d49d96e4e9c410a176aa8efbc61e87b807211bad4eb55a1e7db5
16,R16,cooling_rating,cooling,4.353503983751544,23.155831353461487,9.541841226674434,21.465179302909156,5.689664570940508,True,14.4,cffdce4d9656f1aa90bacca0e83d22340691291ceb29e105fd4131d4f7353ca0,19f3ceab3600d49d96e4e9c410a176aa8efbc61e87b807211bad4eb55a1e7db5
17,R17,cooling_rating,cooling,8.334846905554127,23.71247687540391,13.112872879078834,23.226544803638117,9.27555244356151,True,14.4,2e82f1b1de89e1521d57161d2685641dc6a6fb87420b6b398ec85291056e62d8,19f3ceab3600d49d96e4e9c410a176aa8efbc61e87b807211bad4eb55a1e7db5
18,R18,cooling_rating,cooling,8.041771098673314,23.500340378366985,12.788288431204363,22.96691852371537,8.885965490986926,True,14.4,d25071abc120ba9628eebf3e2772b337138da3b4eb0e54606b741311e2923e1e,19f3ceab3600d49d96e4e9c410a176aa8efbc61e87b807211bad4eb55a1e7db5
19,R19,cooling_rating,cooling,12.596935001144619,25.4896801065936,17.032001292642576,25.945383808442248,14.595398014491478,True,14.4,f5cd1a3b0ad373f1435a0cc31d0535409b4e8c7f4cd66ec7ab4f375c75a98956,19f3ceab3600d49d96e4e9c410a176aa8efbc61e87b807211bad4eb55a1e7db5
20,R20,cooling_rating,cooling,16.428695224569097,27.394119878944693,20.511711076427424,28.528892797547105,20.446534870219796,True,14.4,b853f411e77024cec6e930246b491bf80f7c43a5a508c9b4d35296cc1f829774,19f3ceab3600d49d96e4e9c410a176aa8efbc61e87b807211bad4eb55a1e7db5
21,R21,sat_oa,sat_setpoint+outdoor_air,42.28397095197564,50.27802996957312,43.749213969323236,51.68509216322233,88.43241003699305,True,17.5,76e8bd060738fec21260c5c7d4e26e5a777a6e437f4285b8c4930fc751e87ca1,19f3ceab3600d49d96e4e9c410a176aa8efbc61e87b807211bad4eb55a1e7db5
22,R22,sat_oa,sat_setpoint+outdoor_air,41.50480507158435,50.02796979203362,43.02170396374102,51.485177813804576,85.81567396450222,True,17.5,8aea177263e2606d80030239ceb53ba5a80cfe0f238b91116045b9d39c76d69d,19f3ceab3600d49d96e4e9c410a176aa8efbc61e87b807211bad4eb55a1e7db5
23,R23,sat_oa,sat_setpoint+outdoor_air,44.205272061925676,52.032663806792186,45.575652575809094,53.35420791527046,95.73747765183822,True,18.5,1865bd9ae5698ddad0e00aeab5e9070bb0b92f619fa33e48fa7bdf670113b469,19f3ceab3600d49d96e4e9c410a176aa8efbc61e87b807211bad4eb55a1e7db5
24,R24,sat_oa,sat_setpoint+outdoor_air,43.17157489270008,51.66749473079831,44.67575275170254,53.075912939095,92.3571488431098,True,18.5,48d82614903cc47ec55d6340d211f2407a8c34518b75c61d2e7b26c4fc2d682c,19f3ceab3600d49d96e4e9c410a176aa8efbc61e87b807211bad4eb55a1e7db5
25,R25,sat_oa,sat_setpoint+outdoor_air,44.31090980700039,52.48160433346829,45.703986948283365,53.80786767665878,96.4221174694601,True,19.0,992c91b7f38400b761ae33e82ccfc8c585295a0909ad0f40bb6dccb2921951f9,19f3ceab3600d49d96e4e9c410a176aa8efbc61e87b807211bad4eb55a1e7db5
26,R26,sat_oa,sat_setpoint+outdoor_air,36.62035354788614,45.918506422317385,38.532465346446905,47.573138678181564,69.44871775453191,True,16.0,f51786bb51117b491ae584e91b0553f1cfa2fac849ee2ff4e985263182535a9c,19f3ceab3600d49d96e4e9c410a176aa8efbc61e87b807211bad4eb55a1e7db5
27,R27,sat_cooling,sat_setpoint+cooling,44.316174146957515,52.08140729163186,45.67928584248275,53.36284155705085,96.11985446558273,True,17.5,2e1b8e0c0e22edf2f35d646685d2831939ae3899fccad356c586d59b379832a1,19f3ceab3600d49d96e4e9c410a176aa8efbc61e87b807211bad4eb55a1e7db5
28,R28,sat_cooling,sat_setpoint+cooling,45.84488702165393,53.53960080254314,47.1838463193122,54.76963209252413,102.38467013738087,True,18.5,3fc91ad0aa7ed26c1018910b3e8d609cb7c8c5ba0c2c9dfd5db79fe86f4a19a6,19f3ceab3600d49d96e4e9c410a176aa8efbc61e87b807211bad4eb55a1e7db5
29,R29,sat_cooling,sat_setpoint+cooling,43.6066075494757,51.48395252190685,45.04263262050839,52.81812732263147,93.55245935264219,True,17.5,13287edb01caa9b11ee4b4ba47e52aaeafc071edbc4a54c565391f5e233a8a5d,19f3ceab3600d49d96e4e9c410a176aa8efbc61e87b807211bad4eb55a1e7db5
30,R30,sat_cooling,sat_setpoint+cooling,46.30784232602645,53.9437856187343,47.64953180817509,55.14925816604016,104.3366293782629,True,18.5,381e11f2fd06d11d25d9b1c1d9cda72c58b06ee626d0d9f787c48f59b5495040,19f3ceab3600d49d96e4e9c410a176aa8efbc61e87b807211bad4eb55a1e7db5
